{
  "type": "FeatureCollection",
  "name": "unsan-wonpyeong-gopung-osm-roads",
  "bbox": [
    126.595,
    36.745,
    126.645,
    36.795
  ],
  "properties": {
    "generatedAt": "2026-10-03T05:10:23.562Z",
    "source": "OpenStreetMap contributors via Overpass API",
    "license": "ODbL",
    "query": "[out:json][timeout:30];(\n  way[\"highway\"](36.745,126.595,36.795,126.645);\n);out geom tags;",
    "osmBaseTimestamp": "2026-10-03T05:08:22Z",
    "warning": "This file contains public road geometry only. It does not verify flood closure, passability, bridge safety, or official emergency routes."
  },
  "features": [
    {
      "type": "Feature",
      "properties": {
        "osmType": "way",
        "osmId": 37408300,
        "name": "봉운로",
        "highway": "secondary",
        "bridge": null,
        "layer": null,
        "surface": "asphalt",
        "source": "OpenStreetMap contributors via Overpass API",
        "verificationLevel": "public-map-geometry-only",
        "trafficStatus": "unknown"
      },
      "geometry": {
        "type": "LineString",
        "coordinates": [
          [
            126.6220363,
            36.7669628
          ],
          [
            126.621991,
            36.766987
          ],
          [
            126.6215971,
            36.7671978
          ],
          [
            126.6212136,
            36.7674341
          ],
          [
            126.62065,
            36.76779
          ],
          [
            126.62016,
            36.76811
          ],
          [
            126.62005,
            36.76823
          ],
          [
            126.6199521,
            36.7684179
          ],
          [
            126.6199235,
            36.7684748
          ],
          [
            126.6197464,
            36.7688179
          ],
          [
            126.61953,
            36.76923
          ],
          [
            126.6194138,
            36.7694259
          ],
          [
            126.6192797,
            36.7696042
          ],
          [
            126.6190295,
            36.7698921
          ],
          [
            126.6187701,
            36.7701543
          ],
          [
            126.61865,
            36.77033
          ],
          [
            126.618636,
            36.7703565
          ],
          [
            126.6185045,
            36.7706055
          ],
          [
            126.6184294,
            36.770786
          ],
          [
            126.618308,
            36.77119
          ],
          [
            126.6182309,
            36.7714219
          ],
          [
            126.61812,
            36.77168
          ],
          [
            126.6178608,
            36.7720643
          ],
          [
            126.6175738,
            36.7723651
          ],
          [
            126.617201,
            36.7727252
          ],
          [
            126.6170554,
            36.7728658
          ],
          [
            126.6168687,
            36.7730504
          ],
          [
            126.6161039,
            36.7738068
          ],
          [
            126.6155407,
            36.7744864
          ],
          [
            126.6145479,
            36.7757809
          ],
          [
            126.6142388,
            36.77618
          ],
          [
            126.6141667,
            36.7762662
          ],
          [
            126.6137838,
            36.7767243
          ],
          [
            126.6136712,
            36.7768962
          ],
          [
            126.6136501,
            36.7769288
          ],
          [
            126.61352,
            36.77713
          ],
          [
            126.6134459,
            36.7772979
          ],
          [
            126.61334,
            36.77742
          ],
          [
            126.6132913,
            36.777456
          ],
          [
            126.6131944,
            36.7775216
          ]
        ]
      }
    },
    {
      "type": "Feature",
      "properties": {
        "osmType": "way",
        "osmId": 37408303,
        "name": "봉운로",
        "highway": "secondary",
        "bridge": null,
        "layer": null,
        "surface": null,
        "source": "OpenStreetMap contributors via Overpass API",
        "verificationLevel": "public-map-geometry-only",
        "trafficStatus": "unknown"
      },
      "geometry": {
        "type": "LineString",
        "coordinates": [
          [
            126.6016012,
            36.7824503
          ],
          [
            126.6004038,
            36.7828748
          ],
          [
            126.5995851,
            36.7831671
          ],
          [
            126.5990129,
            36.7833776
          ],
          [
            126.5983886,
            36.7836392
          ],
          [
            126.5980151,
            36.7838394
          ],
          [
            126.5976415,
            36.7840907
          ],
          [
            126.5973392,
            36.7843314
          ],
          [
            126.5970455,
            36.7846039
          ],
          [
            126.5967384,
            36.7849651
          ],
          [
            126.5964538,
            36.785351
          ],
          [
            126.5955217,
            36.7867058
          ]
        ]
      }
    },
    {
      "type": "Feature",
      "properties": {
        "osmType": "way",
        "osmId": 37408305,
        "name": "봉운로",
        "highway": "secondary",
        "bridge": null,
        "layer": null,
        "surface": "asphalt",
        "source": "OpenStreetMap contributors via Overpass API",
        "verificationLevel": "public-map-geometry-only",
        "trafficStatus": "unknown"
      },
      "geometry": {
        "type": "LineString",
        "coordinates": [
          [
            126.6386305,
            36.7518179
          ],
          [
            126.6383502,
            36.7523041
          ],
          [
            126.6381159,
            36.75254
          ],
          [
            126.6378678,
            36.7527479
          ],
          [
            126.6375455,
            36.7530304
          ],
          [
            126.6374248,
            36.7531701
          ],
          [
            126.63733,
            36.75332
          ],
          [
            126.6371512,
            36.7536795
          ],
          [
            126.6366761,
            36.7549279
          ],
          [
            126.636488,
            36.7553285
          ],
          [
            126.6364239,
            36.7553936
          ],
          [
            126.6362893,
            36.7554628
          ],
          [
            126.6360178,
            36.7555685
          ],
          [
            126.6356599,
            36.7556587
          ],
          [
            126.6354844,
            36.755743
          ],
          [
            126.6353166,
            36.7558736
          ],
          [
            126.635242,
            36.7559753
          ],
          [
            126.6346764,
            36.7569079
          ],
          [
            126.63414,
            36.75776
          ],
          [
            126.6339854,
            36.7578873
          ],
          [
            126.6339138,
            36.758001
          ],
          [
            126.633922,
            36.7581274
          ],
          [
            126.6339597,
            36.7582322
          ],
          [
            126.63402,
            36.7584
          ],
          [
            126.6341364,
            36.7586994
          ],
          [
            126.63411,
            36.7589
          ],
          [
            126.6335678,
            36.7595611
          ],
          [
            126.633502,
            36.75976
          ],
          [
            126.6334734,
            36.7601036
          ],
          [
            126.6334739,
            36.7601807
          ],
          [
            126.6335066,
            36.7602721
          ],
          [
            126.63357,
            36.7603286
          ],
          [
            126.63405,
            36.76073
          ],
          [
            126.6342605,
            36.7609972
          ],
          [
            126.6344405,
            36.7612386
          ],
          [
            126.6346239,
            36.7614986
          ],
          [
            126.63469,
            36.76161
          ],
          [
            126.6347024,
            36.7616811
          ],
          [
            126.634732,
            36.76185
          ],
          [
            126.6347305,
            36.7620479
          ],
          [
            126.6347346,
            36.7621333
          ],
          [
            126.6346844,
            36.762255
          ],
          [
            126.6346203,
            36.7623314
          ],
          [
            126.6345015,
            36.7624635
          ],
          [
            126.634392,
            36.76258
          ],
          [
            126.6343446,
            36.762655
          ],
          [
            126.6342893,
            36.7627715
          ],
          [
            126.6342371,
            36.7629099
          ],
          [
            126.6342005,
            36.76301
          ],
          [
            126.6340841,
            36.7632021
          ],
          [
            126.6339916,
            36.7633237
          ],
          [
            126.6337376,
            36.7635821
          ],
          [
            126.6333861,
            36.76396
          ],
          [
            126.6330868,
            36.76427
          ],
          [
            126.6326368,
            36.76477
          ],
          [
            126.6322946,
            36.7651287
          ],
          [
            126.6320389,
            36.76538
          ],
          [
            126.6317934,
            36.7655686
          ],
          [
            126.6315637,
            36.765714
          ],
          [
            126.6312681,
            36.7659358
          ],
          [
            126.6309632,
            36.7661616
          ]
        ]
      }
    },
    {
      "type": "Feature",
      "properties": {
        "osmType": "way",
        "osmId": 55951478,
        "name": "군장동1로",
        "highway": "residential",
        "bridge": null,
        "layer": null,
        "surface": null,
        "source": "OpenStreetMap contributors via Overpass API",
        "verificationLevel": "public-map-geometry-only",
        "trafficStatus": "unknown"
      },
      "geometry": {
        "type": "LineString",
        "coordinates": [
          [
            126.6016012,
            36.7824503
          ],
          [
            126.60143,
            36.78228
          ],
          [
            126.60064,
            36.78187
          ],
          [
            126.60006,
            36.78168
          ],
          [
            126.59964,
            36.78159
          ],
          [
            126.59904,
            36.7816
          ],
          [
            126.59761,
            36.78168
          ],
          [
            126.59701,
            36.78181
          ],
          [
            126.59683,
            36.78191
          ],
          [
            126.59609,
            36.78273
          ],
          [
            126.59601,
            36.78287
          ],
          [
            126.59599,
            36.78307
          ],
          [
            126.59615,
            36.78348
          ],
          [
            126.5961861,
            36.7836993
          ],
          [
            126.5961407,
            36.7838887
          ],
          [
            126.5953446,
            36.7844273
          ],
          [
            126.5949879,
            36.7846902
          ],
          [
            126.594768,
            36.784925
          ],
          [
            126.5946292,
            36.7851497
          ],
          [
            126.59452,
            36.78589
          ],
          [
            126.5944942,
            36.7861585
          ],
          [
            126.5945551,
            36.7863501
          ],
          [
            126.5946446,
            36.7864481
          ],
          [
            126.59477,
            36.78652
          ],
          [
            126.59501,
            36.78661
          ],
          [
            126.5951631,
            36.7866291
          ],
          [
            126.5955217,
            36.7867058
          ]
        ]
      }
    },
    {
      "type": "Feature",
      "properties": {
        "osmType": "way",
        "osmId": 558620933,
        "name": "군장동2길",
        "highway": "residential",
        "bridge": null,
        "layer": null,
        "surface": null,
        "source": "OpenStreetMap contributors via Overpass API",
        "verificationLevel": "public-map-geometry-only",
        "trafficStatus": "unknown"
      },
      "geometry": {
        "type": "LineString",
        "coordinates": [
          [
            126.5959957,
            36.7877372
          ],
          [
            126.5960096,
            36.7876816
          ]
        ]
      }
    },
    {
      "type": "Feature",
      "properties": {
        "osmType": "way",
        "osmId": 558620934,
        "name": "봉운로",
        "highway": "secondary",
        "bridge": null,
        "layer": null,
        "surface": null,
        "source": "OpenStreetMap contributors via Overpass API",
        "verificationLevel": "public-map-geometry-only",
        "trafficStatus": "unknown"
      },
      "geometry": {
        "type": "LineString",
        "coordinates": [
          [
            126.5955217,
            36.7867058
          ],
          [
            126.5948026,
            36.7877627
          ]
        ]
      }
    },
    {
      "type": "Feature",
      "properties": {
        "osmType": "way",
        "osmId": 566815717,
        "name": "봉운로",
        "highway": "secondary",
        "bridge": null,
        "layer": null,
        "surface": null,
        "source": "OpenStreetMap contributors via Overpass API",
        "verificationLevel": "public-map-geometry-only",
        "trafficStatus": "unknown"
      },
      "geometry": {
        "type": "LineString",
        "coordinates": [
          [
            126.6043493,
            36.7790582
          ],
          [
            126.60433,
            36.77921
          ],
          [
            126.6043371,
            36.7794226
          ],
          [
            126.6043093,
            36.7796586
          ],
          [
            126.6041793,
            36.7799764
          ],
          [
            126.60364,
            36.78117
          ],
          [
            126.6035307,
            36.7815436
          ],
          [
            126.6034588,
            36.7816529
          ],
          [
            126.6032803,
            36.7818094
          ],
          [
            126.6030443,
            36.7819254
          ],
          [
            126.602624,
            36.782089
          ],
          [
            126.6016012,
            36.7824503
          ]
        ]
      }
    },
    {
      "type": "Feature",
      "properties": {
        "osmType": "way",
        "osmId": 566815718,
        "name": null,
        "highway": "secondary",
        "bridge": "yes",
        "layer": "1",
        "surface": null,
        "source": "OpenStreetMap contributors via Overpass API",
        "verificationLevel": "public-map-geometry-only",
        "trafficStatus": "unknown"
      },
      "geometry": {
        "type": "LineString",
        "coordinates": [
          [
            126.6043813,
            36.7786557
          ],
          [
            126.6043493,
            36.7790582
          ]
        ]
      }
    },
    {
      "type": "Feature",
      "properties": {
        "osmType": "way",
        "osmId": 566815719,
        "name": null,
        "highway": "secondary",
        "bridge": "yes",
        "layer": "1",
        "surface": null,
        "source": "OpenStreetMap contributors via Overpass API",
        "verificationLevel": "public-map-geometry-only",
        "trafficStatus": "unknown"
      },
      "geometry": {
        "type": "LineString",
        "coordinates": [
          [
            126.6280943,
            36.7690106
          ],
          [
            126.6282075,
            36.769264
          ]
        ]
      }
    },
    {
      "type": "Feature",
      "properties": {
        "osmType": "way",
        "osmId": 566815722,
        "name": "장생동로",
        "highway": "secondary",
        "bridge": null,
        "layer": null,
        "surface": null,
        "source": "OpenStreetMap contributors via Overpass API",
        "verificationLevel": "public-map-geometry-only",
        "trafficStatus": "unknown"
      },
      "geometry": {
        "type": "LineString",
        "coordinates": [
          [
            126.6279173,
            36.7686142
          ],
          [
            126.6280943,
            36.7690106
          ]
        ]
      }
    },
    {
      "type": "Feature",
      "properties": {
        "osmType": "way",
        "osmId": 566815729,
        "name": "봉운로",
        "highway": "secondary",
        "bridge": null,
        "layer": null,
        "surface": null,
        "source": "OpenStreetMap contributors via Overpass API",
        "verificationLevel": "public-map-geometry-only",
        "trafficStatus": "unknown"
      },
      "geometry": {
        "type": "LineString",
        "coordinates": [
          [
            126.6294516,
            36.7667926
          ],
          [
            126.6278037,
            36.7678617
          ],
          [
            126.6276169,
            36.7679274
          ]
        ]
      }
    },
    {
      "type": "Feature",
      "properties": {
        "osmType": "way",
        "osmId": 566815730,
        "name": "원평1교",
        "highway": "secondary",
        "bridge": "yes",
        "layer": "1",
        "surface": null,
        "source": "OpenStreetMap contributors via Overpass API",
        "verificationLevel": "public-map-geometry-only",
        "trafficStatus": "unknown"
      },
      "geometry": {
        "type": "LineString",
        "coordinates": [
          [
            126.629713,
            36.7666543
          ],
          [
            126.6294516,
            36.7667926
          ]
        ]
      }
    },
    {
      "type": "Feature",
      "properties": {
        "osmType": "way",
        "osmId": 566815731,
        "name": null,
        "highway": "secondary",
        "bridge": "yes",
        "layer": "1",
        "surface": null,
        "source": "OpenStreetMap contributors via Overpass API",
        "verificationLevel": "public-map-geometry-only",
        "trafficStatus": "unknown"
      },
      "geometry": {
        "type": "LineString",
        "coordinates": [
          [
            126.6278365,
            36.7684333
          ],
          [
            126.6279173,
            36.7686142
          ]
        ]
      }
    },
    {
      "type": "Feature",
      "properties": {
        "osmType": "way",
        "osmId": 566815732,
        "name": null,
        "highway": "secondary",
        "bridge": null,
        "layer": null,
        "surface": null,
        "source": "OpenStreetMap contributors via Overpass API",
        "verificationLevel": "public-map-geometry-only",
        "trafficStatus": "unknown"
      },
      "geometry": {
        "type": "LineString",
        "coordinates": [
          [
            126.6309632,
            36.7661616
          ],
          [
            126.6305718,
            36.7662803
          ],
          [
            126.6304449,
            36.7663306
          ],
          [
            126.630254,
            36.7664064
          ],
          [
            126.6301005,
            36.766471
          ],
          [
            126.6298213,
            36.7665985
          ],
          [
            126.6297528,
            36.7666338
          ],
          [
            126.629713,
            36.7666543
          ]
        ]
      }
    },
    {
      "type": "Feature",
      "properties": {
        "osmType": "way",
        "osmId": 566815733,
        "name": null,
        "highway": "secondary",
        "bridge": "yes",
        "layer": "1",
        "surface": null,
        "source": "OpenStreetMap contributors via Overpass API",
        "verificationLevel": "public-map-geometry-only",
        "trafficStatus": "unknown"
      },
      "geometry": {
        "type": "LineString",
        "coordinates": [
          [
            126.6224249,
            36.7668555
          ],
          [
            126.6220363,
            36.7669628
          ]
        ]
      }
    },
    {
      "type": "Feature",
      "properties": {
        "osmType": "way",
        "osmId": 566815734,
        "name": "봉운로",
        "highway": "secondary",
        "bridge": null,
        "layer": null,
        "surface": null,
        "source": "OpenStreetMap contributors via Overpass API",
        "verificationLevel": "public-map-geometry-only",
        "trafficStatus": "unknown"
      },
      "geometry": {
        "type": "LineString",
        "coordinates": [
          [
            126.6276169,
            36.7679274
          ],
          [
            126.62738,
            36.767967
          ],
          [
            126.6269461,
            36.7679815
          ],
          [
            126.6266853,
            36.7679799
          ],
          [
            126.62635,
            36.7679863
          ],
          [
            126.6259393,
            36.767935
          ],
          [
            126.62571,
            36.7678664
          ],
          [
            126.6255078,
            36.7677994
          ],
          [
            126.6253039,
            36.7677156
          ],
          [
            126.625002,
            36.7675664
          ],
          [
            126.6246414,
            36.7673976
          ],
          [
            126.6242418,
            36.7672365
          ],
          [
            126.62343,
            36.76694
          ],
          [
            126.6230273,
            36.7668272
          ],
          [
            126.6228639,
            36.7668122
          ],
          [
            126.6226423,
            36.7668132
          ],
          [
            126.6225799,
            36.7668253
          ],
          [
            126.6224249,
            36.7668555
          ]
        ]
      }
    },
    {
      "type": "Feature",
      "properties": {
        "osmType": "way",
        "osmId": 566815735,
        "name": "봉운로",
        "highway": "secondary",
        "bridge": null,
        "layer": null,
        "surface": "asphalt",
        "source": "OpenStreetMap contributors via Overpass API",
        "verificationLevel": "public-map-geometry-only",
        "trafficStatus": "unknown"
      },
      "geometry": {
        "type": "LineString",
        "coordinates": [
          [
            126.6126356,
            36.7776817
          ],
          [
            126.6125164,
            36.7777156
          ],
          [
            126.61229,
            36.77778
          ],
          [
            126.6110587,
            36.7782475
          ],
          [
            126.6102668,
            36.778515
          ],
          [
            126.6098759,
            36.7786406
          ],
          [
            126.6096144,
            36.7786986
          ],
          [
            126.6094092,
            36.778718
          ],
          [
            126.60924,
            36.77871
          ],
          [
            126.6089961,
            36.7786793
          ],
          [
            126.6087493,
            36.7785936
          ],
          [
            126.6084409,
            36.7784602
          ],
          [
            126.608112,
            36.7783436
          ],
          [
            126.60695,
            36.7782028
          ],
          [
            126.6066627,
            36.7782072
          ],
          [
            126.6064507,
            36.778226
          ],
          [
            126.6062307,
            36.7782647
          ],
          [
            126.6058307,
            36.7783529
          ],
          [
            126.6055575,
            36.7784129
          ],
          [
            126.6052625,
            36.7784366
          ],
          [
            126.6048185,
            36.7784336
          ],
          [
            126.604451,
            36.7783996
          ],
          [
            126.6043813,
            36.7786557
          ]
        ]
      }
    },
    {
      "type": "Feature",
      "properties": {
        "osmType": "way",
        "osmId": 566815736,
        "name": null,
        "highway": "secondary",
        "bridge": "yes",
        "layer": "1",
        "surface": "asphalt",
        "source": "OpenStreetMap contributors via Overpass API",
        "verificationLevel": "public-map-geometry-only",
        "trafficStatus": "unknown"
      },
      "geometry": {
        "type": "LineString",
        "coordinates": [
          [
            126.6131944,
            36.7775216
          ],
          [
            126.61289,
            36.7776
          ],
          [
            126.6126356,
            36.7776817
          ]
        ]
      }
    },
    {
      "type": "Feature",
      "properties": {
        "osmType": "way",
        "osmId": 571243604,
        "name": "장생동로",
        "highway": "secondary",
        "bridge": null,
        "layer": null,
        "surface": "asphalt",
        "source": "OpenStreetMap contributors via Overpass API",
        "verificationLevel": "public-map-geometry-only",
        "trafficStatus": "unknown"
      },
      "geometry": {
        "type": "LineString",
        "coordinates": [
          [
            126.6282075,
            36.769264
          ],
          [
            126.62842,
            36.76974
          ],
          [
            126.62853,
            36.77034
          ],
          [
            126.6285,
            36.77068
          ],
          [
            126.6283695,
            36.7713375
          ],
          [
            126.62796,
            36.7734
          ],
          [
            126.6276006,
            36.7748744
          ],
          [
            126.62747,
            36.77541
          ],
          [
            126.6274671,
            36.775418
          ],
          [
            126.62715,
            36.77629
          ],
          [
            126.62678,
            36.77731
          ],
          [
            126.62675,
            36.77755
          ],
          [
            126.62684,
            36.77839
          ],
          [
            126.62754,
            36.78006
          ],
          [
            126.62795,
            36.78118
          ],
          [
            126.62799,
            36.78163
          ],
          [
            126.62783,
            36.78302
          ],
          [
            126.62778,
            36.78348
          ],
          [
            126.6278325,
            36.7838315
          ],
          [
            126.62791,
            36.78435
          ],
          [
            126.6285,
            36.78626
          ],
          [
            126.6286443,
            36.7866801
          ],
          [
            126.6288,
            36.78696
          ],
          [
            126.62894,
            36.78714
          ],
          [
            126.62956,
            36.78772
          ],
          [
            126.6298266,
            36.7879216
          ],
          [
            126.6299146,
            36.7879882
          ],
          [
            126.6304243,
            36.7883737
          ],
          [
            126.6309714,
            36.7887875
          ],
          [
            126.63153,
            36.78921
          ],
          [
            126.63256,
            36.79006
          ],
          [
            126.63272,
            36.79024
          ],
          [
            126.63295,
            36.7907
          ],
          [
            126.6329656,
            36.790808
          ],
          [
            126.63311,
            36.79181
          ],
          [
            126.63324,
            36.79308
          ],
          [
            126.6332197,
            36.7932016
          ],
          [
            126.6332,
            36.79332
          ],
          [
            126.6331498,
            36.7934024
          ],
          [
            126.63292,
            36.79378
          ],
          [
            126.63258,
            36.79415
          ],
          [
            126.63236,
            36.7943
          ],
          [
            126.6309551,
            36.794896
          ],
          [
            126.63038,
            36.79514
          ],
          [
            126.6282195,
            36.7960402
          ],
          [
            126.6278494,
            36.7961944
          ],
          [
            126.62774,
            36.79624
          ],
          [
            126.62663,
            36.79671
          ],
          [
            126.6259825,
            36.7969495
          ],
          [
            126.6259,
            36.79698
          ],
          [
            126.624731,
            36.7972325
          ],
          [
            126.62465,
            36.79725
          ]
        ]
      }
    },
    {
      "type": "Feature",
      "properties": {
        "osmType": "way",
        "osmId": 590262552,
        "name": null,
        "highway": "tertiary",
        "bridge": null,
        "layer": null,
        "surface": "asphalt",
        "source": "OpenStreetMap contributors via Overpass API",
        "verificationLevel": "public-map-geometry-only",
        "trafficStatus": "unknown"
      },
      "geometry": {
        "type": "LineString",
        "coordinates": [
          [
            126.6332197,
            36.7932016
          ],
          [
            126.6334216,
            36.7931436
          ],
          [
            126.6339947,
            36.7930696
          ],
          [
            126.6343004,
            36.7931503
          ],
          [
            126.6343434,
            36.7931763
          ],
          [
            126.6344938,
            36.793267
          ],
          [
            126.6352826,
            36.7936617
          ],
          [
            126.635397,
            36.7936885
          ],
          [
            126.635831,
            36.79379
          ],
          [
            126.6364657,
            36.7938542
          ],
          [
            126.6367489,
            36.7939308
          ],
          [
            126.6369032,
            36.7939726
          ],
          [
            126.6371189,
            36.7941058
          ],
          [
            126.6376057,
            36.7945055
          ],
          [
            126.6379816,
            36.7946437
          ],
          [
            126.6386278,
            36.7949384
          ],
          [
            126.6388795,
            36.7950996
          ],
          [
            126.6396638,
            36.7957293
          ],
          [
            126.6399719,
            36.7958181
          ],
          [
            126.64028,
            36.795902
          ],
          [
            126.6403317,
            36.7959223
          ],
          [
            126.6405696,
            36.7960155
          ],
          [
            126.6413105,
            36.7966628
          ]
        ]
      }
    },
    {
      "type": "Feature",
      "properties": {
        "osmType": "way",
        "osmId": 590263355,
        "name": "장생동로",
        "highway": "secondary",
        "bridge": null,
        "layer": null,
        "surface": null,
        "source": "OpenStreetMap contributors via Overpass API",
        "verificationLevel": "public-map-geometry-only",
        "trafficStatus": "unknown"
      },
      "geometry": {
        "type": "LineString",
        "coordinates": [
          [
            126.6276169,
            36.7679274
          ],
          [
            126.6278365,
            36.7684333
          ]
        ]
      }
    },
    {
      "type": "Feature",
      "properties": {
        "osmType": "way",
        "osmId": 590263356,
        "name": null,
        "highway": "residential",
        "bridge": null,
        "layer": null,
        "surface": null,
        "source": "OpenStreetMap contributors via Overpass API",
        "verificationLevel": "public-map-geometry-only",
        "trafficStatus": "unknown"
      },
      "geometry": {
        "type": "LineString",
        "coordinates": [
          [
            126.61812,
            36.77168
          ],
          [
            126.6186186,
            36.7717383
          ],
          [
            126.6190946,
            36.771794
          ],
          [
            126.6196122,
            36.7718546
          ],
          [
            126.6204474,
            36.7730056
          ]
        ]
      }
    },
    {
      "type": "Feature",
      "properties": {
        "osmType": "way",
        "osmId": 645474507,
        "name": "와우현1길",
        "highway": "residential",
        "bridge": null,
        "layer": null,
        "surface": null,
        "source": "OpenStreetMap contributors via Overpass API",
        "verificationLevel": "public-map-geometry-only",
        "trafficStatus": "unknown"
      },
      "geometry": {
        "type": "LineString",
        "coordinates": [
          [
            126.6365487,
            36.7675212
          ],
          [
            126.637045,
            36.7674108
          ],
          [
            126.6372505,
            36.7673368
          ],
          [
            126.637347,
            36.7672849
          ],
          [
            126.6374159,
            36.7672219
          ],
          [
            126.6375166,
            36.767075
          ],
          [
            126.6376889,
            36.7668574
          ],
          [
            126.6377579,
            36.7668055
          ],
          [
            126.637853,
            36.7667724
          ],
          [
            126.637925,
            36.7667534
          ],
          [
            126.6379495,
            36.7667469
          ],
          [
            126.6380309,
            36.7667348
          ],
          [
            126.6381177,
            36.7667348
          ],
          [
            126.6381743,
            36.7667514
          ],
          [
            126.6382239,
            36.7667757
          ],
          [
            126.6382804,
            36.7668254
          ],
          [
            126.6383645,
            36.7669281
          ],
          [
            126.6384362,
            36.7670032
          ],
          [
            126.638484,
            36.7670295
          ],
          [
            126.6385066,
            36.7670419
          ],
          [
            126.6385921,
            36.767054
          ],
          [
            126.6387851,
            36.7670463
          ],
          [
            126.6391712,
            36.7670529
          ],
          [
            126.6394497,
            36.7670695
          ],
          [
            126.6396124,
            36.7670971
          ],
          [
            126.6397392,
            36.767128
          ],
          [
            126.6398449,
            36.7671643
          ],
          [
            126.6402093,
            36.7673128
          ],
          [
            126.6403863,
            36.7672561
          ],
          [
            126.6406199,
            36.7672221
          ],
          [
            126.6408322,
            36.7672391
          ],
          [
            126.6409738,
            36.7673582
          ],
          [
            126.6410241,
            36.7674361
          ],
          [
            126.64108,
            36.7675226
          ],
          [
            126.6412357,
            36.7677664
          ],
          [
            126.641441,
            36.7680159
          ],
          [
            126.6414835,
            36.7682541
          ],
          [
            126.6416675,
            36.7686623
          ],
          [
            126.6417241,
            36.7688721
          ],
          [
            126.6416958,
            36.769099
          ],
          [
            126.6417312,
            36.7691953
          ],
          [
            126.6419577,
            36.7693484
          ],
          [
            126.6424178,
            36.7698871
          ],
          [
            126.6426231,
            36.7700345
          ],
          [
            126.6425877,
            36.7703634
          ],
          [
            126.6427646,
            36.7706072
          ],
          [
            126.6428921,
            36.7707546
          ],
          [
            126.6429487,
            36.7708397
          ],
          [
            126.6431823,
            36.7710892
          ],
          [
            126.6432389,
            36.7712536
          ],
          [
            126.6434088,
            36.7715257
          ],
          [
            126.6434512,
            36.7718716
          ],
          [
            126.6434229,
            36.7720814
          ],
          [
            126.6433529,
            36.7721842
          ],
          [
            126.6432531,
            36.7723309
          ],
          [
            126.6430902,
            36.7728185
          ],
          [
            126.6429416,
            36.7730226
          ],
          [
            126.6429059,
            36.7731255
          ],
          [
            126.6428708,
            36.7732267
          ],
          [
            126.6430549,
            36.7736236
          ],
          [
            126.64343,
            36.774321
          ],
          [
            126.6435742,
            36.7745705
          ],
          [
            126.643607,
            36.7746272
          ],
          [
            126.6435574,
            36.774905
          ],
          [
            126.6435362,
            36.7751431
          ],
          [
            126.643883,
            36.7755287
          ],
          [
            126.6441237,
            36.7757384
          ],
          [
            126.6444493,
            36.7758859
          ],
          [
            126.6446546,
            36.7759879
          ],
          [
            126.6448952,
            36.7762884
          ],
          [
            126.6451288,
            36.7764415
          ],
          [
            126.6454757,
            36.7765549
          ],
          [
            126.6457517,
            36.7766626
          ],
          [
            126.6461198,
            36.7771162
          ],
          [
            126.6462118,
            36.7774904
          ],
          [
            126.646318,
            36.7776548
          ],
          [
            126.6465035,
            36.7776979
          ],
          [
            126.6466744,
            36.7777152
          ],
          [
            126.646862,
            36.7777278
          ],
          [
            126.6471375,
            36.7777446
          ],
          [
            126.6474576,
            36.7777115
          ],
          [
            126.6475731,
            36.7776688
          ],
          [
            126.64767,
            36.7776037
          ],
          [
            126.6478965,
            36.7774053
          ],
          [
            126.6479804,
            36.7773566
          ],
          [
            126.6480703,
            36.777322
          ],
          [
            126.6481649,
            36.7773005
          ],
          [
            126.6482362,
            36.7772976
          ],
          [
            126.6485252,
            36.7773269
          ],
          [
            126.6487661,
            36.7773856
          ],
          [
            126.6489665,
            36.7774582
          ],
          [
            126.6490844,
            36.7775125
          ],
          [
            126.6494067,
            36.7776535
          ],
          [
            126.6496526,
            36.7776861
          ],
          [
            126.6501488,
            36.7777005
          ],
          [
            126.6504235,
            36.7777285
          ],
          [
            126.6508037,
            36.7777763
          ],
          [
            126.650919,
            36.7777908
          ],
          [
            126.6516976,
            36.7779269
          ]
        ]
      }
    },
    {
      "type": "Feature",
      "properties": {
        "osmType": "way",
        "osmId": 686374104,
        "name": "봉운로",
        "highway": "secondary",
        "bridge": null,
        "layer": null,
        "surface": null,
        "source": "OpenStreetMap contributors via Overpass API",
        "verificationLevel": "public-map-geometry-only",
        "trafficStatus": "unknown"
      },
      "geometry": {
        "type": "LineString",
        "coordinates": [
          [
            126.6477156,
            36.7412135
          ],
          [
            126.64733,
            36.74173
          ],
          [
            126.6471012,
            36.742025
          ],
          [
            126.6470164,
            36.742278
          ],
          [
            126.6469898,
            36.7425257
          ],
          [
            126.646952,
            36.7426993
          ],
          [
            126.6468984,
            36.742839
          ],
          [
            126.6467708,
            36.7430623
          ],
          [
            126.6465395,
            36.7432414
          ],
          [
            126.6461324,
            36.7435377
          ],
          [
            126.6460546,
            36.743637
          ],
          [
            126.6458201,
            36.7438578
          ],
          [
            126.6457171,
            36.7439879
          ],
          [
            126.6453629,
            36.7445473
          ],
          [
            126.645214,
            36.7447497
          ],
          [
            126.645059,
            36.7449036
          ],
          [
            126.6448337,
            36.7450408
          ],
          [
            126.6442439,
            36.7452857
          ],
          [
            126.6440767,
            36.7453881
          ],
          [
            126.6438883,
            36.74554
          ],
          [
            126.643779,
            36.7456782
          ],
          [
            126.6436624,
            36.7459143
          ],
          [
            126.6434383,
            36.7464928
          ],
          [
            126.6432569,
            36.746863
          ],
          [
            126.6429529,
            36.7472536
          ],
          [
            126.6426364,
            36.7476813
          ],
          [
            126.642222,
            36.7481694
          ],
          [
            126.642031,
            36.748326
          ],
          [
            126.6416922,
            36.7485753
          ],
          [
            126.6412872,
            36.7488719
          ],
          [
            126.6403967,
            36.7495102
          ],
          [
            126.6401312,
            36.7497058
          ],
          [
            126.639909,
            36.74989
          ],
          [
            126.6395572,
            36.7502495
          ],
          [
            126.6393959,
            36.75047
          ],
          [
            126.6392678,
            36.75066
          ],
          [
            126.638791,
            36.7515159
          ],
          [
            126.6386305,
            36.7518179
          ]
        ]
      }
    },
    {
      "type": "Feature",
      "properties": {
        "osmType": "way",
        "osmId": 752869768,
        "name": null,
        "highway": "unclassified",
        "bridge": null,
        "layer": null,
        "surface": "asphalt",
        "source": "OpenStreetMap contributors via Overpass API",
        "verificationLevel": "public-map-geometry-only",
        "trafficStatus": "unknown"
      },
      "geometry": {
        "type": "LineString",
        "coordinates": [
          [
            126.6454997,
            36.759819
          ],
          [
            126.6453669,
            36.759819
          ],
          [
            126.6451563,
            36.7597808
          ],
          [
            126.6446821,
            36.7598275
          ],
          [
            126.6443689,
            36.7598516
          ],
          [
            126.6442379,
            36.7598375
          ],
          [
            126.6438238,
            36.7597184
          ],
          [
            126.6437002,
            36.7596801
          ],
          [
            126.6434894,
            36.7596149
          ],
          [
            126.643277,
            36.7594986
          ],
          [
            126.6431921,
            36.7593923
          ],
          [
            126.6430561,
            36.7591487
          ],
          [
            126.6430187,
            36.7590818
          ],
          [
            126.6428311,
            36.7589684
          ],
          [
            126.6426152,
            36.7589074
          ],
          [
            126.6422648,
            36.7588592
          ],
          [
            126.6420365,
            36.7588592
          ],
          [
            126.6416702,
            36.7589301
          ],
          [
            126.6415729,
            36.7589244
          ],
          [
            126.6412933,
            36.7589046
          ],
          [
            126.6410951,
            36.7589996
          ],
          [
            126.6409058,
            36.7590464
          ],
          [
            126.6406155,
            36.7590932
          ],
          [
            126.6404244,
            36.7592108
          ],
          [
            126.6401024,
            36.7595809
          ],
          [
            126.6399042,
            36.759724
          ],
          [
            126.6396865,
            36.7598204
          ],
          [
            126.6392593,
            36.7600171
          ],
          [
            126.6391484,
            36.760069
          ],
          [
            126.6387447,
            36.7600369
          ],
          [
            126.6385013,
            36.7600147
          ],
          [
            126.6382271,
            36.7600319
          ],
          [
            126.6379868,
            36.7601331
          ],
          [
            126.6379304,
            36.7601756
          ],
          [
            126.6377773,
            36.7602911
          ],
          [
            126.6373398,
            36.7606243
          ],
          [
            126.6370779,
            36.7607206
          ],
          [
            126.6368437,
            36.7608416
          ],
          [
            126.6366954,
            36.760923
          ],
          [
            126.6365946,
            36.7609783
          ],
          [
            126.636511,
            36.7610242
          ],
          [
            126.6360396,
            36.7613105
          ],
          [
            126.6359256,
            36.7614537
          ],
          [
            126.6357376,
            36.7616117
          ],
          [
            126.6355928,
            36.7616685
          ],
          [
            126.6352293,
            36.7617104
          ],
          [
            126.6349704,
            36.7616783
          ],
          [
            126.6348349,
            36.7616759
          ],
          [
            126.6347024,
            36.7616811
          ]
        ]
      }
    },
    {
      "type": "Feature",
      "properties": {
        "osmType": "way",
        "osmId": 752871316,
        "name": null,
        "highway": "residential",
        "bridge": null,
        "layer": null,
        "surface": null,
        "source": "OpenStreetMap contributors via Overpass API",
        "verificationLevel": "public-map-geometry-only",
        "trafficStatus": "unknown"
      },
      "geometry": {
        "type": "LineString",
        "coordinates": [
          [
            126.6426231,
            36.7700345
          ],
          [
            126.6429116,
            36.7700934
          ],
          [
            126.6435247,
            36.7702217
          ],
          [
            126.6441686,
            36.7703155
          ],
          [
            126.6443473,
            36.770281
          ],
          [
            126.6444706,
            36.7704167
          ],
          [
            126.644754,
            36.7704364
          ],
          [
            126.6450005,
            36.7704019
          ],
          [
            126.6453025,
            36.7703747
          ],
          [
            126.6456106,
            36.7703698
          ],
          [
            126.6459218,
            36.7705302
          ],
          [
            126.6465164,
            36.7707548
          ],
          [
            126.6472805,
            36.7710584
          ],
          [
            126.6478012,
            36.7712262
          ],
          [
            126.6479922,
            36.77132
          ],
          [
            126.6480229,
            36.7713986
          ],
          [
            126.6480692,
            36.7715174
          ],
          [
            126.6481832,
            36.7717248
          ],
          [
            126.6485222,
            36.77209
          ],
          [
            126.6487132,
            36.7722776
          ],
          [
            126.6488672,
            36.7724331
          ],
          [
            126.648972,
            36.7725663
          ],
          [
            126.6492339,
            36.7726848
          ],
          [
            126.6494126,
            36.772712
          ],
          [
            126.6496406,
            36.7728353
          ],
          [
            126.6499302,
            36.7731142
          ],
          [
            126.6501613,
            36.7735905
          ],
          [
            126.6503431,
            36.7738127
          ],
          [
            126.6500904,
            36.774247
          ],
          [
            126.650149,
            36.7743087
          ],
          [
            126.6499086,
            36.7747381
          ],
          [
            126.6498619,
            36.7748153
          ],
          [
            126.649807,
            36.7749059
          ],
          [
            126.649696,
            36.775054
          ],
          [
            126.649693,
            36.7751996
          ],
          [
            126.6496252,
            36.7757154
          ],
          [
            126.6495913,
            36.775824
          ],
          [
            126.6495481,
            36.7760733
          ],
          [
            126.6495173,
            36.7761892
          ],
          [
            126.6494496,
            36.7763817
          ],
          [
            126.6487902,
            36.776858
          ],
          [
            126.6487287,
            36.7769472
          ],
          [
            126.6486854,
            36.7770353
          ],
          [
            126.6486208,
            36.7771665
          ],
          [
            126.6485252,
            36.7773269
          ]
        ]
      }
    },
    {
      "type": "Feature",
      "properties": {
        "osmType": "way",
        "osmId": 799818950,
        "name": null,
        "highway": "path",
        "bridge": null,
        "layer": null,
        "surface": null,
        "source": "OpenStreetMap contributors via Overpass API",
        "verificationLevel": "public-map-geometry-only",
        "trafficStatus": "unknown"
      },
      "geometry": {
        "type": "LineString",
        "coordinates": [
          [
            126.6162893,
            36.7437813
          ],
          [
            126.6162996,
            36.7438886
          ],
          [
            126.6163507,
            36.7440082
          ],
          [
            126.6164877,
            36.74414
          ],
          [
            126.6165599,
            36.7442006
          ],
          [
            126.616686,
            36.7442403
          ],
          [
            126.6168328,
            36.7443456
          ],
          [
            126.6170172,
            36.7445666
          ],
          [
            126.6170789,
            36.7447143
          ],
          [
            126.6170958,
            36.7448659
          ],
          [
            126.6171446,
            36.7449743
          ],
          [
            126.6171793,
            36.745072
          ],
          [
            126.6172707,
            36.7451764
          ],
          [
            126.6174365,
            36.7452816
          ],
          [
            126.6175524,
            36.7453268
          ],
          [
            126.6177533,
            36.7454609
          ],
          [
            126.617834,
            36.7454955
          ],
          [
            126.6178656,
            36.745555
          ],
          [
            126.6179275,
            36.7458437
          ],
          [
            126.6179869,
            36.7460027
          ],
          [
            126.6179627,
            36.7461618
          ],
          [
            126.6179626,
            36.7463402
          ],
          [
            126.6177431,
            36.7466264
          ],
          [
            126.6178197,
            36.7467409
          ],
          [
            126.6176921,
            36.7468554
          ],
          [
            126.6176308,
            36.7470558
          ],
          [
            126.6174772,
            36.747288
          ],
          [
            126.6172175,
            36.7475711
          ],
          [
            126.6171071,
            36.747778
          ],
          [
            126.6168908,
            36.7480495
          ],
          [
            126.6167797,
            36.7482877
          ],
          [
            126.6167772,
            36.7484722
          ],
          [
            126.616702,
            36.7487079
          ],
          [
            126.6165387,
            36.7489614
          ],
          [
            126.6164116,
            36.7491121
          ],
          [
            126.6163588,
            36.7492308
          ],
          [
            126.6163294,
            36.7493949
          ],
          [
            126.616279,
            36.7495809
          ],
          [
            126.616171,
            36.7496951
          ],
          [
            126.6160905,
            36.7498068
          ],
          [
            126.6159926,
            36.7501248
          ],
          [
            126.6158894,
            36.750473
          ],
          [
            126.6159007,
            36.7507464
          ],
          [
            126.6158625,
            36.7509222
          ],
          [
            126.6157338,
            36.7511178
          ],
          [
            126.6156855,
            36.7513047
          ],
          [
            126.615615,
            36.751417
          ],
          [
            126.6156864,
            36.751875
          ],
          [
            126.6155997,
            36.7519946
          ],
          [
            126.6155863,
            36.7520935
          ],
          [
            126.6155219,
            36.7522869
          ],
          [
            126.6154006,
            36.7527419
          ],
          [
            126.6151148,
            36.753298
          ],
          [
            126.6147678,
            36.7534534
          ],
          [
            126.6144105,
            36.7537641
          ],
          [
            126.6142472,
            36.7545247
          ],
          [
            126.614164,
            36.7549577
          ],
          [
            126.6141915,
            36.7551085
          ],
          [
            126.6143068,
            36.7553848
          ],
          [
            126.6143981,
            36.7555684
          ],
          [
            126.6143697,
            36.7558495
          ],
          [
            126.614382,
            36.7560283
          ],
          [
            126.6144973,
            36.7562045
          ],
          [
            126.6146083,
            36.7564499
          ],
          [
            126.6150068,
            36.7570015
          ],
          [
            126.6144616,
            36.7575668
          ],
          [
            126.6142829,
            36.7578859
          ],
          [
            126.6143809,
            36.7581763
          ],
          [
            126.6142608,
            36.759139
          ],
          [
            126.614155,
            36.7594637
          ],
          [
            126.6140631,
            36.7595659
          ],
          [
            126.6140019,
            36.7599747
          ],
          [
            126.6136753,
            36.7604817
          ],
          [
            126.6134966,
            36.7606453
          ],
          [
            126.6133027,
            36.7607271
          ],
          [
            126.6130094,
            36.7609905
          ],
          [
            126.6129659,
            36.7612463
          ],
          [
            126.6128117,
            36.7615877
          ],
          [
            126.6126439,
            36.7617594
          ],
          [
            126.6125576,
            36.7619823
          ],
          [
            126.6126035,
            36.762199
          ],
          [
            126.6124567,
            36.7622678
          ],
          [
            126.6123096,
            36.7625006
          ],
          [
            126.6121797,
            36.7626441
          ],
          [
            126.6122412,
            36.7627754
          ],
          [
            126.6122805,
            36.7629562
          ],
          [
            126.6123841,
            36.7631271
          ],
          [
            126.6125192,
            36.7632571
          ],
          [
            126.6126758,
            36.7633721
          ],
          [
            126.612939,
            36.7635759
          ],
          [
            126.6130686,
            36.763725
          ],
          [
            126.6131126,
            36.7639564
          ],
          [
            126.6132233,
            36.7641252
          ],
          [
            126.6132166,
            36.7642698
          ],
          [
            126.6132125,
            36.7644604
          ],
          [
            126.61317,
            36.7646807
          ],
          [
            126.6131195,
            36.764836
          ],
          [
            126.6130977,
            36.764903
          ],
          [
            126.6129953,
            36.7649761
          ],
          [
            126.6128665,
            36.7652253
          ],
          [
            126.6127311,
            36.7655147
          ],
          [
            126.6125015,
            36.7661198
          ],
          [
            126.6123395,
            36.7663523
          ],
          [
            126.6122644,
            36.7664715
          ],
          [
            126.612231,
            36.7665859
          ],
          [
            126.612149,
            36.7668175
          ],
          [
            126.6120914,
            36.7669067
          ],
          [
            126.612083,
            36.7670029
          ],
          [
            126.611986,
            36.7675384
          ],
          [
            126.6119049,
            36.7675459
          ],
          [
            126.6118329,
            36.7675221
          ],
          [
            126.6117776,
            36.7675506
          ],
          [
            126.6117319,
            36.7675996
          ],
          [
            126.6116287,
            36.7675845
          ],
          [
            126.6115388,
            36.7676103
          ],
          [
            126.6113236,
            36.7677113
          ],
          [
            126.6112559,
            36.7677285
          ],
          [
            126.6112062,
            36.7678155
          ],
          [
            126.6111473,
            36.7678832
          ],
          [
            126.6109041,
            36.7681312
          ],
          [
            126.6107771,
            36.7682356
          ],
          [
            126.610729,
            36.768307
          ],
          [
            126.6105479,
            36.7683608
          ],
          [
            126.610474,
            36.7684762
          ],
          [
            126.6103131,
            36.7685665
          ],
          [
            126.6101414,
            36.768704
          ],
          [
            126.6100048,
            36.7688663
          ],
          [
            126.6096435,
            36.7692596
          ],
          [
            126.6094904,
            36.7694967
          ],
          [
            126.609225,
            36.769648
          ],
          [
            126.6089424,
            36.7696953
          ],
          [
            126.6086373,
            36.7698474
          ],
          [
            126.6084164,
            36.7700177
          ],
          [
            126.6083175,
            36.7701435
          ],
          [
            126.6082645,
            36.7702769
          ],
          [
            126.6083166,
            36.7704452
          ],
          [
            126.6082934,
            36.7705926
          ],
          [
            126.6082558,
            36.7707242
          ],
          [
            126.6082844,
            36.7708577
          ],
          [
            126.6084179,
            36.7710522
          ],
          [
            126.608424,
            36.7712126
          ],
          [
            126.6082298,
            36.771305
          ],
          [
            126.6077625,
            36.7713488
          ],
          [
            126.6076532,
            36.7714411
          ],
          [
            126.6074833,
            36.7716259
          ],
          [
            126.6073868,
            36.7717163
          ],
          [
            126.6071616,
            36.771762
          ],
          [
            126.6069674,
            36.7717474
          ],
          [
            126.6066761,
            36.7718738
          ],
          [
            126.6065875,
            36.77203
          ],
          [
            126.6064235,
            36.7721937
          ],
          [
            126.6063362,
            36.7724134
          ],
          [
            126.6060813,
            36.7724961
          ],
          [
            126.6058628,
            36.7724134
          ],
          [
            126.6054987,
            36.7724377
          ],
          [
            126.6054016,
            36.7725447
          ],
          [
            126.6052438,
            36.7726128
          ],
          [
            126.6051149,
            36.7726831
          ],
          [
            126.605013,
            36.7728077
          ],
          [
            126.6049382,
            36.7728794
          ],
          [
            126.6047877,
            36.7729517
          ],
          [
            126.6046369,
            36.7730697
          ],
          [
            126.6046733,
            36.7732107
          ],
          [
            126.6047848,
            36.7731825
          ],
          [
            126.605005,
            36.7731987
          ],
          [
            126.6050268,
            36.773278
          ],
          [
            126.6050071,
            36.7733103
          ],
          [
            126.6049299,
            36.7734372
          ],
          [
            126.6048432,
            36.773483
          ],
          [
            126.6046065,
            36.7735705
          ],
          [
            126.604541,
            36.7735699
          ],
          [
            126.6043799,
            36.7735175
          ],
          [
            126.6043043,
            36.7735689
          ]
        ]
      }
    },
    {
      "type": "Feature",
      "properties": {
        "osmType": "way",
        "osmId": 860734809,
        "name": null,
        "highway": "residential",
        "bridge": null,
        "layer": null,
        "surface": null,
        "source": "OpenStreetMap contributors via Overpass API",
        "verificationLevel": "public-map-geometry-only",
        "trafficStatus": "unknown"
      },
      "geometry": {
        "type": "LineString",
        "coordinates": [
          [
            126.5946878,
            36.7907358
          ],
          [
            126.5947356,
            36.7906653
          ],
          [
            126.5955717,
            36.7892963
          ],
          [
            126.5956859,
            36.7889775
          ],
          [
            126.5956957,
            36.7889382
          ]
        ]
      }
    },
    {
      "type": "Feature",
      "properties": {
        "osmType": "way",
        "osmId": 860734811,
        "name": "군장동2길",
        "highway": "residential",
        "bridge": null,
        "layer": null,
        "surface": null,
        "source": "OpenStreetMap contributors via Overpass API",
        "verificationLevel": "public-map-geometry-only",
        "trafficStatus": "unknown"
      },
      "geometry": {
        "type": "LineString",
        "coordinates": [
          [
            126.5960096,
            36.7876816
          ],
          [
            126.5960209,
            36.7876363
          ],
          [
            126.5960235,
            36.7876259
          ],
          [
            126.59603,
            36.7876
          ],
          [
            126.5960497,
            36.7874701
          ],
          [
            126.59608,
            36.78727
          ],
          [
            126.59604,
            36.78704
          ],
          [
            126.59592,
            36.7869
          ],
          [
            126.5955217,
            36.7867058
          ]
        ]
      }
    },
    {
      "type": "Feature",
      "properties": {
        "osmType": "way",
        "osmId": 860734812,
        "name": null,
        "highway": "unclassified",
        "bridge": null,
        "layer": null,
        "surface": "asphalt",
        "source": "OpenStreetMap contributors via Overpass API",
        "verificationLevel": "public-map-geometry-only",
        "trafficStatus": "unknown"
      },
      "geometry": {
        "type": "LineString",
        "coordinates": [
          [
            126.6029516,
            36.7765382
          ],
          [
            126.6030666,
            36.7763827
          ],
          [
            126.6031777,
            36.7762992
          ],
          [
            126.6033097,
            36.7762152
          ],
          [
            126.6034639,
            36.7760798
          ],
          [
            126.6038474,
            36.7756824
          ],
          [
            126.6040915,
            36.7754224
          ],
          [
            126.6042047,
            36.7752003
          ],
          [
            126.6042166,
            36.7749809
          ],
          [
            126.6041734,
            36.7747656
          ],
          [
            126.6042664,
            36.7744338
          ],
          [
            126.6043049,
            36.7742321
          ],
          [
            126.6043062,
            36.7740574
          ],
          [
            126.6042475,
            36.773915
          ],
          [
            126.6041513,
            36.773765
          ],
          [
            126.6040268,
            36.7737003
          ],
          [
            126.6038178,
            36.7736322
          ],
          [
            126.6032736,
            36.7735178
          ],
          [
            126.6031589,
            36.7734893
          ],
          [
            126.6030663,
            36.7734434
          ],
          [
            126.6029738,
            36.7733599
          ],
          [
            126.6029224,
            36.7732662
          ],
          [
            126.6029079,
            36.7731768
          ],
          [
            126.6028759,
            36.7729851
          ],
          [
            126.60282,
            36.772449
          ],
          [
            126.6027294,
            36.7719524
          ],
          [
            126.6026232,
            36.7715788
          ],
          [
            126.6024408,
            36.7712402
          ],
          [
            126.6023567,
            36.7710842
          ],
          [
            126.6018486,
            36.7703489
          ],
          [
            126.6015899,
            36.7699987
          ],
          [
            126.601498,
            36.7697406
          ],
          [
            126.6014733,
            36.769558
          ],
          [
            126.6014961,
            36.7692097
          ],
          [
            126.6014677,
            36.769035
          ],
          [
            126.6014029,
            36.7688698
          ],
          [
            126.6012831,
            36.7683675
          ],
          [
            126.6013065,
            36.7682518
          ],
          [
            126.6013807,
            36.7681262
          ],
          [
            126.6014718,
            36.7679758
          ],
          [
            126.6015204,
            36.7678579
          ],
          [
            126.6016361,
            36.7674685
          ],
          [
            126.6017461,
            36.7669851
          ],
          [
            126.6018098,
            36.7666189
          ],
          [
            126.6018185,
            36.7665833
          ],
          [
            126.6018453,
            36.7659881
          ],
          [
            126.6018051,
            36.765683
          ],
          [
            126.6018078,
            36.7655003
          ],
          [
            126.6020277,
            36.7647913
          ],
          [
            126.6021726,
            36.7645528
          ],
          [
            126.6022986,
            36.7639898
          ],
          [
            126.6023415,
            36.7637234
          ],
          [
            126.6023121,
            36.7635268
          ],
          [
            126.6021444,
            36.7634225
          ],
          [
            126.6015851,
            36.7633538
          ],
          [
            126.6013746,
            36.7633473
          ],
          [
            126.6011372,
            36.7633151
          ],
          [
            126.6006196,
            36.7632055
          ],
          [
            126.6003272,
            36.7631754
          ],
          [
            126.6002601,
            36.7631238
          ],
          [
            126.6000965,
            36.7631389
          ],
          [
            126.5998954,
            36.7631625
          ],
          [
            126.5997478,
            36.7631883
          ],
          [
            126.5992892,
            36.7634397
          ],
          [
            126.5989888,
            36.7636417
          ],
          [
            126.598801,
            36.7637878
          ],
          [
            126.5986079,
            36.7638609
          ],
          [
            126.5984577,
            36.763964
          ],
          [
            126.598337,
            36.7642154
          ],
          [
            126.5981546,
            36.7643465
          ]
        ]
      }
    },
    {
      "type": "Feature",
      "properties": {
        "osmType": "way",
        "osmId": 860734813,
        "name": null,
        "highway": "residential",
        "bridge": null,
        "layer": null,
        "surface": null,
        "source": "OpenStreetMap contributors via Overpass API",
        "verificationLevel": "public-map-geometry-only",
        "trafficStatus": "unknown"
      },
      "geometry": {
        "type": "LineString",
        "coordinates": [
          [
            126.62894,
            36.78714
          ],
          [
            126.6282929,
            36.7871243
          ],
          [
            126.6270016,
            36.7870929
          ],
          [
            126.625006,
            36.7872991
          ],
          [
            126.622262,
            36.7872804
          ],
          [
            126.6222514,
            36.7865876
          ],
          [
            126.6222401,
            36.7858461
          ],
          [
            126.6222387,
            36.7857522
          ],
          [
            126.6222882,
            36.7857522
          ],
          [
            126.6250181,
            36.7857525
          ],
          [
            126.625006,
            36.7872991
          ]
        ]
      }
    },
    {
      "type": "Feature",
      "properties": {
        "osmType": "way",
        "osmId": 860734814,
        "name": null,
        "highway": "secondary_link",
        "bridge": null,
        "layer": null,
        "surface": null,
        "source": "OpenStreetMap contributors via Overpass API",
        "verificationLevel": "public-map-geometry-only",
        "trafficStatus": "unknown"
      },
      "geometry": {
        "type": "LineString",
        "coordinates": [
          [
            126.6282929,
            36.7871243
          ],
          [
            126.6285079,
            36.7870826
          ],
          [
            126.6285995,
            36.7870444
          ],
          [
            126.6286367,
            36.7869997
          ],
          [
            126.6286539,
            36.7869253
          ],
          [
            126.6286443,
            36.7866801
          ]
        ]
      }
    },
    {
      "type": "Feature",
      "properties": {
        "osmType": "way",
        "osmId": 907937229,
        "name": null,
        "highway": "residential",
        "bridge": null,
        "layer": null,
        "surface": null,
        "source": "OpenStreetMap contributors via Overpass API",
        "verificationLevel": "public-map-geometry-only",
        "trafficStatus": "unknown"
      },
      "geometry": {
        "type": "LineString",
        "coordinates": [
          [
            126.5953297,
            36.7874521
          ],
          [
            126.5956332,
            36.7875347
          ],
          [
            126.5958797,
            36.7876026
          ],
          [
            126.5960209,
            36.7876363
          ]
        ]
      }
    },
    {
      "type": "Feature",
      "properties": {
        "osmType": "way",
        "osmId": 1098145555,
        "name": null,
        "highway": "path",
        "bridge": null,
        "layer": null,
        "surface": null,
        "source": "OpenStreetMap contributors via Overpass API",
        "verificationLevel": "public-map-geometry-only",
        "trafficStatus": "unknown"
      },
      "geometry": {
        "type": "LineString",
        "coordinates": [
          [
            126.6042129,
            36.7736981
          ],
          [
            126.6041513,
            36.773765
          ]
        ]
      }
    },
    {
      "type": "Feature",
      "properties": {
        "osmType": "way",
        "osmId": 1098145556,
        "name": null,
        "highway": "path",
        "bridge": "yes",
        "layer": "1",
        "surface": null,
        "source": "OpenStreetMap contributors via Overpass API",
        "verificationLevel": "public-map-geometry-only",
        "trafficStatus": "unknown"
      },
      "geometry": {
        "type": "LineString",
        "coordinates": [
          [
            126.6043043,
            36.7735689
          ],
          [
            126.6042129,
            36.7736981
          ]
        ]
      }
    },
    {
      "type": "Feature",
      "properties": {
        "osmType": "way",
        "osmId": 1098145558,
        "name": null,
        "highway": "path",
        "bridge": null,
        "layer": null,
        "surface": "ground",
        "source": "OpenStreetMap contributors via Overpass API",
        "verificationLevel": "public-map-geometry-only",
        "trafficStatus": "unknown"
      },
      "geometry": {
        "type": "LineString",
        "coordinates": [
          [
            126.6304401,
            36.7320747
          ],
          [
            126.6302875,
            36.7323474
          ],
          [
            126.6302156,
            36.7324848
          ],
          [
            126.6301346,
            36.7327042
          ],
          [
            126.630221,
            36.7329577
          ],
          [
            126.630239,
            36.7334089
          ],
          [
            126.6301452,
            36.7335969
          ],
          [
            126.6298854,
            36.7339989
          ],
          [
            126.6299648,
            36.7343662
          ],
          [
            126.6299467,
            36.734667
          ],
          [
            126.6294812,
            36.7349793
          ],
          [
            126.628976,
            36.735176
          ],
          [
            126.6284708,
            36.7353669
          ],
          [
            126.6281027,
            36.7357689
          ],
          [
            126.6280197,
            36.7361564
          ],
          [
            126.6279331,
            36.7363154
          ],
          [
            126.6280413,
            36.7367926
          ],
          [
            126.628247,
            36.7369806
          ],
          [
            126.6286259,
            36.7371628
          ],
          [
            126.6288749,
            36.7374289
          ],
          [
            126.6290337,
            36.7376892
          ],
          [
            126.6292214,
            36.7379465
          ],
          [
            126.6295029,
            36.7382589
          ],
          [
            126.6295931,
            36.7384642
          ],
          [
            126.6297843,
            36.7387389
          ],
          [
            126.6300442,
            36.7389558
          ],
          [
            126.6302968,
            36.7391698
          ],
          [
            126.6306396,
            36.7392768
          ],
          [
            126.6310438,
            36.7394185
          ],
          [
            126.6311773,
            36.7395342
          ],
          [
            126.6312711,
            36.7398668
          ],
          [
            126.631383,
            36.7399622
          ],
          [
            126.631863,
            36.7399796
          ],
          [
            126.632047,
            36.7401646
          ],
          [
            126.6323682,
            36.7402572
          ],
          [
            126.6328554,
            36.7405146
          ],
          [
            126.6330394,
            36.7407228
          ],
          [
            126.6330358,
            36.740983
          ],
          [
            126.6328554,
            36.7414313
          ],
          [
            126.6326713,
            36.7417002
          ],
          [
            126.6325647,
            36.7418116
          ],
          [
            126.6325005,
            36.7420847
          ],
          [
            126.6328301,
            36.7426169
          ],
          [
            126.6331405,
            36.7429321
          ],
          [
            126.6334183,
            36.7432849
          ],
          [
            126.6335589,
            36.7435756
          ],
          [
            126.6338199,
            36.7436901
          ],
          [
            126.6340023,
            36.7438793
          ],
          [
            126.6340408,
            36.7443595
          ],
          [
            126.6343198,
            36.7452712
          ],
          [
            126.6340989,
            36.7457878
          ],
          [
            126.6338383,
            36.746156
          ],
          [
            126.6340828,
            36.746295
          ],
          [
            126.6341096,
            36.7465444
          ],
          [
            126.633895,
            36.746871
          ],
          [
            126.6337191,
            36.7473715
          ],
          [
            126.6337578,
            36.7481011
          ],
          [
            126.6337377,
            36.7487687
          ],
          [
            126.6333935,
            36.7490954
          ],
          [
            126.6331665,
            36.7496634
          ],
          [
            126.6329884,
            36.7498541
          ],
          [
            126.6330528,
            36.7500726
          ],
          [
            126.6330828,
            36.7506219
          ],
          [
            126.6329842,
            36.7511746
          ],
          [
            126.6330013,
            36.7514325
          ],
          [
            126.6327084,
            36.7518735
          ],
          [
            126.632731,
            36.7521192
          ],
          [
            126.6329455,
            36.7522956
          ],
          [
            126.6332245,
            36.7525844
          ],
          [
            126.6334047,
            36.752777
          ],
          [
            126.6334509,
            36.7528393
          ],
          [
            126.6334396,
            36.7530065
          ],
          [
            126.633343,
            36.7531398
          ],
          [
            126.6331343,
            36.7533125
          ],
          [
            126.6330839,
            36.7535046
          ],
          [
            126.6330126,
            36.7537221
          ],
          [
            126.6328587,
            36.7539809
          ],
          [
            126.6327744,
            36.7541799
          ],
          [
            126.6327428,
            36.7545362
          ],
          [
            126.6326355,
            36.75499
          ],
          [
            126.6325518,
            36.7552088
          ],
          [
            126.6324139,
            36.7553846
          ],
          [
            126.6319225,
            36.7557117
          ],
          [
            126.6318893,
            36.755817
          ],
          [
            126.6319547,
            36.7560495
          ],
          [
            126.6320754,
            36.7563087
          ],
          [
            126.6321677,
            36.7565012
          ],
          [
            126.6320792,
            36.7566429
          ],
          [
            126.6319225,
            36.7567713
          ],
          [
            126.6324627,
            36.7568127
          ],
          [
            126.6329097,
            36.756729
          ],
          [
            126.6333049,
            36.7569502
          ],
          [
            126.6335034,
            36.7570748
          ],
          [
            126.6336198,
            36.7572445
          ],
          [
            126.6336744,
            36.7577015
          ],
          [
            126.6335106,
            36.7581392
          ],
          [
            126.6339597,
            36.7582322
          ]
        ]
      }
    },
    {
      "type": "Feature",
      "properties": {
        "osmType": "way",
        "osmId": 1098145568,
        "name": null,
        "highway": "unclassified",
        "bridge": null,
        "layer": null,
        "surface": "asphalt",
        "source": "OpenStreetMap contributors via Overpass API",
        "verificationLevel": "public-map-geometry-only",
        "trafficStatus": "unknown"
      },
      "geometry": {
        "type": "LineString",
        "coordinates": [
          [
            126.604451,
            36.7783996
          ],
          [
            126.6040099,
            36.7782862
          ],
          [
            126.603612,
            36.7781482
          ],
          [
            126.6035442,
            36.7781143
          ],
          [
            126.6033165,
            36.7779961
          ],
          [
            126.6030887,
            36.7778333
          ],
          [
            126.602865,
            36.7775502
          ],
          [
            126.6027776,
            36.7773234
          ],
          [
            126.6027694,
            36.7772086
          ],
          [
            126.6028198,
            36.7770769
          ],
          [
            126.6028703,
            36.776973
          ],
          [
            126.6029125,
            36.7768216
          ],
          [
            126.6029335,
            36.7767475
          ]
        ]
      }
    },
    {
      "type": "Feature",
      "properties": {
        "osmType": "way",
        "osmId": 1098145569,
        "name": null,
        "highway": "unclassified",
        "bridge": "yes",
        "layer": "1",
        "surface": "asphalt",
        "source": "OpenStreetMap contributors via Overpass API",
        "verificationLevel": "public-map-geometry-only",
        "trafficStatus": "unknown"
      },
      "geometry": {
        "type": "LineString",
        "coordinates": [
          [
            126.6029335,
            36.7767475
          ],
          [
            126.6029516,
            36.7765382
          ]
        ]
      }
    },
    {
      "type": "Feature",
      "properties": {
        "osmType": "way",
        "osmId": 1144634061,
        "name": null,
        "highway": "unclassified",
        "bridge": "yes",
        "layer": "1",
        "surface": "asphalt",
        "source": "OpenStreetMap contributors via Overpass API",
        "verificationLevel": "public-map-geometry-only",
        "trafficStatus": "unknown"
      },
      "geometry": {
        "type": "LineString",
        "coordinates": [
          [
            126.602487,
            36.7633645
          ],
          [
            126.6023389,
            36.7634752
          ]
        ]
      }
    },
    {
      "type": "Feature",
      "properties": {
        "osmType": "way",
        "osmId": 1144634062,
        "name": null,
        "highway": "unclassified",
        "bridge": null,
        "layer": null,
        "surface": "asphalt",
        "source": "OpenStreetMap contributors via Overpass API",
        "verificationLevel": "public-map-geometry-only",
        "trafficStatus": "unknown"
      },
      "geometry": {
        "type": "LineString",
        "coordinates": [
          [
            126.6023389,
            36.7634752
          ],
          [
            126.6023121,
            36.7635268
          ]
        ]
      }
    },
    {
      "type": "Feature",
      "properties": {
        "osmType": "way",
        "osmId": 1144634063,
        "name": null,
        "highway": "unclassified",
        "bridge": null,
        "layer": null,
        "surface": "asphalt",
        "source": "OpenStreetMap contributors via Overpass API",
        "verificationLevel": "public-map-geometry-only",
        "trafficStatus": "unknown"
      },
      "geometry": {
        "type": "LineString",
        "coordinates": [
          [
            126.607487,
            36.751853
          ],
          [
            126.6070691,
            36.7521019
          ],
          [
            126.6066732,
            36.7522629
          ],
          [
            126.6061355,
            36.752703
          ],
          [
            126.605926,
            36.7528839
          ],
          [
            126.6057707,
            36.7530632
          ],
          [
            126.6055982,
            36.7532929
          ],
          [
            126.6055106,
            36.7535976
          ],
          [
            126.605375,
            36.7540018
          ],
          [
            126.6052008,
            36.7547626
          ],
          [
            126.6051663,
            36.7552353
          ],
          [
            126.6051042,
            36.7554932
          ],
          [
            126.6050667,
            36.7557511
          ],
          [
            126.6050885,
            36.7561489
          ],
          [
            126.6051368,
            36.7564498
          ],
          [
            126.6048496,
            36.7571827
          ],
          [
            126.6044953,
            36.7577582
          ],
          [
            126.6041468,
            36.7582424
          ],
          [
            126.6037122,
            36.7590333
          ],
          [
            126.6034037,
            36.7597008
          ],
          [
            126.6033855,
            36.7597625
          ],
          [
            126.6032964,
            36.7600639
          ],
          [
            126.6032648,
            36.7602598
          ],
          [
            126.6032427,
            36.760397
          ],
          [
            126.6030174,
            36.7614628
          ],
          [
            126.6029682,
            36.7617032
          ],
          [
            126.6029391,
            36.7618122
          ],
          [
            126.6027652,
            36.7626765
          ],
          [
            126.6027063,
            36.7629552
          ],
          [
            126.6026366,
            36.7631453
          ],
          [
            126.602487,
            36.7633645
          ]
        ]
      }
    },
    {
      "type": "Feature",
      "properties": {
        "osmType": "way",
        "osmId": 1144634064,
        "name": null,
        "highway": "track",
        "bridge": "yes",
        "layer": "1",
        "surface": null,
        "source": "OpenStreetMap contributors via Overpass API",
        "verificationLevel": "public-map-geometry-only",
        "trafficStatus": "unknown"
      },
      "geometry": {
        "type": "LineString",
        "coordinates": [
          [
            126.6073157,
            36.746079
          ],
          [
            126.6073224,
            36.7461844
          ]
        ]
      }
    },
    {
      "type": "Feature",
      "properties": {
        "osmType": "way",
        "osmId": 1144634066,
        "name": null,
        "highway": "track",
        "bridge": null,
        "layer": null,
        "surface": "gravel",
        "source": "OpenStreetMap contributors via Overpass API",
        "verificationLevel": "public-map-geometry-only",
        "trafficStatus": "unknown"
      },
      "geometry": {
        "type": "LineString",
        "coordinates": [
          [
            126.6019318,
            36.7393334
          ],
          [
            126.6020193,
            36.739474
          ],
          [
            126.6022637,
            36.73963
          ],
          [
            126.6026205,
            36.7398084
          ],
          [
            126.6028081,
            36.7401146
          ],
          [
            126.6029611,
            36.7403285
          ],
          [
            126.6031649,
            36.7405338
          ],
          [
            126.6035137,
            36.7409067
          ],
          [
            126.6037229,
            36.7410615
          ],
          [
            126.6039711,
            36.7411541
          ],
          [
            126.6044109,
            36.7412796
          ],
          [
            126.6046,
            36.7413387
          ],
          [
            126.6047676,
            36.7414022
          ],
          [
            126.6050103,
            36.7415333
          ],
          [
            126.6051726,
            36.7416311
          ],
          [
            126.605299,
            36.7417345
          ],
          [
            126.6054784,
            36.7418987
          ],
          [
            126.6056715,
            36.7420824
          ],
          [
            126.6057251,
            36.7421791
          ],
          [
            126.605764,
            36.742263
          ],
          [
            126.6058029,
            36.7423672
          ],
          [
            126.6058208,
            36.7425085
          ],
          [
            126.6057828,
            36.7428336
          ],
          [
            126.6057726,
            36.7432082
          ],
          [
            126.6057806,
            36.743665
          ],
          [
            126.6057412,
            36.7438169
          ],
          [
            126.6057324,
            36.7439391
          ],
          [
            126.6058083,
            36.744063
          ],
          [
            126.6059116,
            36.7441597
          ],
          [
            126.6060046,
            36.7443025
          ],
          [
            126.6060792,
            36.7444349
          ],
          [
            126.6061905,
            36.7445219
          ],
          [
            126.6064306,
            36.7446423
          ],
          [
            126.6067256,
            36.7447809
          ],
          [
            126.6069825,
            36.7449323
          ],
          [
            126.6071333,
            36.7450496
          ],
          [
            126.6072642,
            36.745186
          ],
          [
            126.607364,
            36.7453408
          ],
          [
            126.6073784,
            36.745481
          ],
          [
            126.6073827,
            36.7455224
          ],
          [
            126.6073728,
            36.7456665
          ],
          [
            126.607334,
            36.745861
          ],
          [
            126.6073076,
            36.7459952
          ],
          [
            126.6073157,
            36.746079
          ]
        ]
      }
    },
    {
      "type": "Feature",
      "properties": {
        "osmType": "way",
        "osmId": 1144980846,
        "name": null,
        "highway": "path",
        "bridge": null,
        "layer": null,
        "surface": "ground",
        "source": "OpenStreetMap contributors via Overpass API",
        "verificationLevel": "public-map-geometry-only",
        "trafficStatus": "unknown"
      },
      "geometry": {
        "type": "LineString",
        "coordinates": [
          [
            126.6018842,
            36.7615842
          ],
          [
            126.6017823,
            36.7616009
          ],
          [
            126.6014551,
            36.7615531
          ],
          [
            126.6014557,
            36.7615042
          ],
          [
            126.6013505,
            36.7614822
          ],
          [
            126.6012901,
            36.761414
          ],
          [
            126.6011298,
            36.7613742
          ],
          [
            126.6010125,
            36.7613683
          ],
          [
            126.6009676,
            36.761473
          ],
          [
            126.6008869,
            36.7614699
          ],
          [
            126.6006971,
            36.7614233
          ],
          [
            126.6006291,
            36.7614909
          ],
          [
            126.6005728,
            36.7614509
          ],
          [
            126.6004711,
            36.7614507
          ],
          [
            126.6004038,
            36.7613958
          ],
          [
            126.6003301,
            36.7613939
          ],
          [
            126.6002669,
            36.7613831
          ],
          [
            126.5999923,
            36.761301
          ],
          [
            126.5999363,
            36.7612769
          ],
          [
            126.5998771,
            36.7612318
          ],
          [
            126.5997254,
            36.7611625
          ],
          [
            126.5995519,
            36.7610718
          ],
          [
            126.5994425,
            36.7609698
          ],
          [
            126.5994031,
            36.7609283
          ],
          [
            126.5993841,
            36.7608951
          ],
          [
            126.5993817,
            36.7608716
          ],
          [
            126.5993951,
            36.7608093
          ],
          [
            126.5994948,
            36.7604905
          ],
          [
            126.599537,
            36.760117
          ],
          [
            126.5995497,
            36.7600518
          ],
          [
            126.5995604,
            36.7600274
          ],
          [
            126.5995833,
            36.7599927
          ],
          [
            126.5997475,
            36.7597922
          ],
          [
            126.5997703,
            36.7597459
          ],
          [
            126.5997671,
            36.7596975
          ],
          [
            126.5997236,
            36.7595595
          ],
          [
            126.5997162,
            36.7595095
          ],
          [
            126.5997269,
            36.7594591
          ],
          [
            126.5997923,
            36.7592962
          ],
          [
            126.5998068,
            36.7592459
          ],
          [
            126.5998058,
            36.7591964
          ],
          [
            126.5997758,
            36.7590601
          ],
          [
            126.599776,
            36.759008
          ],
          [
            126.5998655,
            36.7584647
          ],
          [
            126.5998743,
            36.7583853
          ],
          [
            126.599868,
            36.7583332
          ],
          [
            126.5998392,
            36.7582297
          ],
          [
            126.5998166,
            36.758167
          ],
          [
            126.5997956,
            36.7581339
          ],
          [
            126.5997632,
            36.7581083
          ],
          [
            126.5997106,
            36.7580798
          ],
          [
            126.5995294,
            36.7579937
          ],
          [
            126.5994556,
            36.757966
          ],
          [
            126.5980522,
            36.7576028
          ],
          [
            126.5979726,
            36.7575851
          ],
          [
            126.5979252,
            36.7575817
          ],
          [
            126.5978785,
            36.7575898
          ],
          [
            126.5977862,
            36.7576172
          ],
          [
            126.5977405,
            36.7576235
          ],
          [
            126.5976843,
            36.7576125
          ],
          [
            126.5976017,
            36.7575792
          ],
          [
            126.5975626,
            36.7575587
          ],
          [
            126.5975133,
            36.7575243
          ],
          [
            126.5971901,
            36.757262
          ],
          [
            126.5971165,
            36.7572113
          ],
          [
            126.597027,
            36.7571768
          ],
          [
            126.5964798,
            36.7570076
          ],
          [
            126.5963879,
            36.756976
          ],
          [
            126.5963055,
            36.7569325
          ],
          [
            126.5959791,
            36.7567281
          ],
          [
            126.595904,
            36.7566768
          ],
          [
            126.5958619,
            36.7566359
          ],
          [
            126.5954841,
            36.7561561
          ],
          [
            126.5954253,
            36.7560922
          ],
          [
            126.5953877,
            36.756069
          ],
          [
            126.5953445,
            36.7560516
          ],
          [
            126.5949778,
            36.7559323
          ],
          [
            126.5948894,
            36.7558989
          ],
          [
            126.5948296,
            36.7558589
          ],
          [
            126.5947518,
            36.7557793
          ],
          [
            126.594709,
            36.7557421
          ]
        ]
      }
    },
    {
      "type": "Feature",
      "properties": {
        "osmType": "way",
        "osmId": 1144980848,
        "name": null,
        "highway": "path",
        "bridge": null,
        "layer": null,
        "surface": "ground",
        "source": "OpenStreetMap contributors via Overpass API",
        "verificationLevel": "public-map-geometry-only",
        "trafficStatus": "unknown"
      },
      "geometry": {
        "type": "LineString",
        "coordinates": [
          [
            126.5897303,
            36.7469382
          ],
          [
            126.5900069,
            36.7467489
          ],
          [
            126.5900771,
            36.7467483
          ],
          [
            126.5902259,
            36.7467548
          ],
          [
            126.5902613,
            36.7467563
          ],
          [
            126.5903052,
            36.7467473
          ],
          [
            126.5903307,
            36.7467341
          ],
          [
            126.5903972,
            36.7466774
          ],
          [
            126.5904413,
            36.7465087
          ],
          [
            126.5906213,
            36.7464334
          ],
          [
            126.5907712,
            36.7462649
          ],
          [
            126.5908665,
            36.7461934
          ],
          [
            126.5909804,
            36.7461111
          ],
          [
            126.5910245,
            36.7460729
          ],
          [
            126.5910617,
            36.7460521
          ],
          [
            126.5911057,
            36.7460444
          ],
          [
            126.5911536,
            36.7460439
          ],
          [
            126.591696,
            36.74607
          ],
          [
            126.5917414,
            36.7460796
          ],
          [
            126.5917948,
            36.7461075
          ],
          [
            126.5919294,
            36.7462075
          ],
          [
            126.5919861,
            36.7462559
          ],
          [
            126.5920279,
            36.7463121
          ],
          [
            126.5921484,
            36.7465306
          ],
          [
            126.5921746,
            36.7465638
          ],
          [
            126.5922289,
            36.7466135
          ],
          [
            126.5925645,
            36.7468911
          ],
          [
            126.5926246,
            36.7469359
          ],
          [
            126.5926789,
            36.7469612
          ],
          [
            126.5928284,
            36.7469998
          ],
          [
            126.5928553,
            36.7470111
          ],
          [
            126.5928797,
            36.7470268
          ],
          [
            126.5929229,
            36.7470652
          ],
          [
            126.5931045,
            36.7472545
          ],
          [
            126.5931543,
            36.7472997
          ],
          [
            126.5931837,
            36.7473116
          ],
          [
            126.5932029,
            36.7473063
          ],
          [
            126.5932459,
            36.7472856
          ],
          [
            126.5932728,
            36.7472819
          ],
          [
            126.5933025,
            36.7472827
          ],
          [
            126.5933969,
            36.7472969
          ],
          [
            126.5934427,
            36.7473086
          ],
          [
            126.5934707,
            36.7473197
          ],
          [
            126.5934954,
            36.7473351
          ],
          [
            126.5935285,
            36.7473631
          ],
          [
            126.5937121,
            36.747549
          ],
          [
            126.5937661,
            36.7475935
          ],
          [
            126.5937906,
            36.7476041
          ],
          [
            126.5938172,
            36.7476072
          ],
          [
            126.5939328,
            36.7475994
          ],
          [
            126.5939602,
            36.747605
          ],
          [
            126.5939864,
            36.7476167
          ],
          [
            126.594036,
            36.747649
          ],
          [
            126.5942911,
            36.7478372
          ],
          [
            126.5943456,
            36.747865
          ],
          [
            126.5944605,
            36.7479077
          ],
          [
            126.5944955,
            36.7479252
          ],
          [
            126.5945098,
            36.7479391
          ],
          [
            126.5945177,
            36.7479839
          ],
          [
            126.5945334,
            36.7479965
          ],
          [
            126.5945576,
            36.7480063
          ],
          [
            126.5953882,
            36.748201
          ],
          [
            126.5954522,
            36.7482121
          ],
          [
            126.5954992,
            36.7482119
          ],
          [
            126.5955906,
            36.7481884
          ],
          [
            126.595771,
            36.7481278
          ],
          [
            126.5958162,
            36.748109
          ],
          [
            126.5958224,
            36.7481046
          ],
          [
            126.5958233,
            36.748097
          ],
          [
            126.5958011,
            36.7480828
          ],
          [
            126.5957936,
            36.7480736
          ],
          [
            126.5957976,
            36.7480603
          ],
          [
            126.5958107,
            36.7480447
          ],
          [
            126.59585,
            36.7480104
          ],
          [
            126.5959079,
            36.7479682
          ],
          [
            126.5959464,
            36.7479476
          ],
          [
            126.5959756,
            36.7479379
          ],
          [
            126.596038,
            36.7479252
          ],
          [
            126.5961825,
            36.7479033
          ],
          [
            126.5963097,
            36.7478889
          ],
          [
            126.5963541,
            36.7478925
          ],
          [
            126.5964357,
            36.7479273
          ],
          [
            126.5964556,
            36.7479303
          ],
          [
            126.5964654,
            36.7479277
          ],
          [
            126.5964835,
            36.7479154
          ],
          [
            126.5965088,
            36.7478873
          ],
          [
            126.596605,
            36.7478399
          ],
          [
            126.5966353,
            36.7477977
          ],
          [
            126.5966614,
            36.747763
          ]
        ]
      }
    },
    {
      "type": "Feature",
      "properties": {
        "osmType": "way",
        "osmId": 1145461721,
        "name": null,
        "highway": "path",
        "bridge": null,
        "layer": null,
        "surface": "ground",
        "source": "OpenStreetMap contributors via Overpass API",
        "verificationLevel": "public-map-geometry-only",
        "trafficStatus": "unknown"
      },
      "geometry": {
        "type": "LineString",
        "coordinates": [
          [
            126.6330126,
            36.7537221
          ],
          [
            126.6328543,
            36.7538707
          ],
          [
            126.6326156,
            36.7540319
          ],
          [
            126.632511,
            36.7540942
          ],
          [
            126.6323689,
            36.7541308
          ],
          [
            126.632216,
            36.7541544
          ],
          [
            126.6321167,
            36.7541737
          ],
          [
            126.6320524,
            36.7542726
          ],
          [
            126.6320738,
            36.7543843
          ],
          [
            126.6321221,
            36.7545176
          ],
          [
            126.6320738,
            36.7546315
          ],
          [
            126.6318029,
            36.7550656
          ],
          [
            126.6317171,
            36.7551472
          ],
          [
            126.6315347,
            36.7552826
          ],
          [
            126.6313389,
            36.7555319
          ],
          [
            126.6310814,
            36.7557038
          ],
          [
            126.6309848,
            36.7558521
          ],
          [
            126.6308266,
            36.7559338
          ],
          [
            126.6307944,
            36.7559789
          ],
          [
            126.6308185,
            36.7560391
          ],
          [
            126.6310304,
            36.7563163
          ],
          [
            126.6311109,
            36.7563528
          ],
          [
            126.6312128,
            36.7563592
          ],
          [
            126.6314623,
            36.7563915
          ],
          [
            126.6316017,
            36.7564688
          ],
          [
            126.6317171,
            36.7565892
          ],
          [
            126.6318619,
            36.7567267
          ],
          [
            126.6319225,
            36.7567713
          ]
        ]
      }
    },
    {
      "type": "Feature",
      "properties": {
        "osmType": "way",
        "osmId": 1145461730,
        "name": null,
        "highway": "residential",
        "bridge": null,
        "layer": null,
        "surface": "asphalt",
        "source": "OpenStreetMap contributors via Overpass API",
        "verificationLevel": "public-map-geometry-only",
        "trafficStatus": "unknown"
      },
      "geometry": {
        "type": "LineString",
        "coordinates": [
          [
            126.6309202,
            36.7642039
          ],
          [
            126.6308641,
            36.7641187
          ],
          [
            126.6311645,
            36.7634118
          ],
          [
            126.631237,
            36.7630916
          ],
          [
            126.6312101,
            36.7628359
          ],
          [
            126.6312531,
            36.7624685
          ],
          [
            126.6313013,
            36.7621462
          ],
          [
            126.6313818,
            36.7617658
          ],
          [
            126.6313711,
            36.7616111
          ],
          [
            126.6312987,
            36.7614929
          ],
          [
            126.6311967,
            36.7614435
          ],
          [
            126.6310385,
            36.7614413
          ],
          [
            126.6308078,
            36.7614736
          ],
          [
            126.6307059,
            36.7614757
          ]
        ]
      }
    },
    {
      "type": "Feature",
      "properties": {
        "osmType": "way",
        "osmId": 1145461731,
        "name": null,
        "highway": "track",
        "bridge": null,
        "layer": null,
        "surface": null,
        "source": "OpenStreetMap contributors via Overpass API",
        "verificationLevel": "public-map-geometry-only",
        "trafficStatus": "unknown"
      },
      "geometry": {
        "type": "LineString",
        "coordinates": [
          [
            126.6153977,
            36.7432802
          ],
          [
            126.6155648,
            36.7433172
          ],
          [
            126.6157915,
            36.7434182
          ],
          [
            126.6160168,
            36.7435579
          ],
          [
            126.6162005,
            36.7437095
          ],
          [
            126.6162893,
            36.7437813
          ],
          [
            126.6163453,
            36.7438266
          ],
          [
            126.6164647,
            36.7438836
          ],
          [
            126.616568,
            36.7439158
          ],
          [
            126.6167034,
            36.7439448
          ],
          [
            126.6168429,
            36.7439588
          ],
          [
            126.6169716,
            36.7439824
          ],
          [
            126.6170306,
            36.7440104
          ],
          [
            126.6171339,
            36.7441146
          ],
          [
            126.6171755,
            36.744164
          ],
          [
            126.6173083,
            36.7443123
          ],
          [
            126.6174598,
            36.7444058
          ],
          [
            126.6175778,
            36.7444531
          ],
          [
            126.6176811,
            36.7444832
          ],
          [
            126.6177723,
            36.744494
          ],
          [
            126.6178286,
            36.7444778
          ],
          [
            126.6178997,
            36.7444209
          ],
          [
            126.6180043,
            36.7442876
          ],
          [
            126.6180633,
            36.7442393
          ],
          [
            126.6181438,
            36.7442105
          ],
          [
            126.6182822,
            36.7442092
          ],
          [
            126.6183516,
            36.7442129
          ],
          [
            126.6184475,
            36.7442086
          ],
          [
            126.6185293,
            36.7442017
          ],
          [
            126.6186474,
            36.7441796
          ],
          [
            126.618703,
            36.7441791
          ],
          [
            126.6188116,
            36.7442017
          ],
          [
            126.6190014,
            36.7442828
          ],
          [
            126.6191442,
            36.7443392
          ],
          [
            126.619273,
            36.7444155
          ],
          [
            126.6193534,
            36.7444886
          ],
          [
            126.6194312,
            36.7446014
          ],
          [
            126.619454,
            36.7446691
          ],
          [
            126.6194272,
            36.7447949
          ],
          [
            126.6193615,
            36.7448389
          ],
          [
            126.6192958,
            36.744883
          ],
          [
            126.6192582,
            36.7449227
          ],
          [
            126.6192421,
            36.7449657
          ],
          [
            126.6192368,
            36.7450098
          ],
          [
            126.6192609,
            36.7451312
          ],
          [
            126.6192622,
            36.7452494
          ],
          [
            126.6192153,
            36.7453483
          ],
          [
            126.6191912,
            36.7454203
          ],
          [
            126.6191885,
            36.7454901
          ],
          [
            126.619222,
            36.745531
          ],
          [
            126.6192837,
            36.7455815
          ],
          [
            126.6193682,
            36.7456449
          ],
          [
            126.619399,
            36.7456943
          ],
          [
            126.6193977,
            36.7457706
          ],
          [
            126.6193722,
            36.7458964
          ],
          [
            126.6193575,
            36.7459684
          ],
          [
            126.6193548,
            36.7460511
          ],
          [
            126.6193776,
            36.746165
          ],
          [
            126.6194272,
            36.7462693
          ],
          [
            126.6195077,
            36.7463316
          ],
          [
            126.6195855,
            36.7463638
          ],
          [
            126.619686,
            36.7463864
          ],
          [
            126.6198322,
            36.7464132
          ],
          [
            126.6199076,
            36.7464368
          ]
        ]
      }
    },
    {
      "type": "Feature",
      "properties": {
        "osmType": "way",
        "osmId": 1145461732,
        "name": null,
        "highway": "track",
        "bridge": null,
        "layer": null,
        "surface": "gravel",
        "source": "OpenStreetMap contributors via Overpass API",
        "verificationLevel": "public-map-geometry-only",
        "trafficStatus": "unknown"
      },
      "geometry": {
        "type": "LineString",
        "coordinates": [
          [
            126.6183182,
            36.7377724
          ],
          [
            126.6179983,
            36.737928
          ],
          [
            126.6177213,
            36.7379986
          ],
          [
            126.6175443,
            36.7380501
          ],
          [
            126.6172117,
            36.7382565
          ],
          [
            126.6171581,
            36.7383102
          ],
          [
            126.6171205,
            36.7383661
          ],
          [
            126.6171071,
            36.7386219
          ],
          [
            126.6170159,
            36.7387487
          ],
          [
            126.6168281,
            36.7389207
          ],
          [
            126.6167879,
            36.7389894
          ],
          [
            126.6167852,
            36.7390819
          ],
          [
            126.6168067,
            36.7391421
          ],
          [
            126.6168469,
            36.7391936
          ],
          [
            126.6169167,
            36.7392409
          ],
          [
            126.6170937,
            36.7393291
          ],
          [
            126.6171527,
            36.739372
          ],
          [
            126.6172171,
            36.7394989
          ],
          [
            126.6172466,
            36.7396988
          ],
          [
            126.6172117,
            36.7398385
          ],
          [
            126.6171661,
            36.739961
          ],
          [
            126.6171688,
            36.740047
          ],
          [
            126.6171876,
            36.740163
          ],
          [
            126.6171876,
            36.7403027
          ],
          [
            126.6171285,
            36.7404253
          ],
          [
            126.6170588,
            36.7404639
          ],
          [
            126.6169596,
            36.7404768
          ],
          [
            126.6168925,
            36.7404468
          ],
          [
            126.616466,
            36.7402189
          ],
          [
            126.6163105,
            36.7401222
          ],
          [
            126.6161334,
            36.7400706
          ],
          [
            126.6157955,
            36.7398621
          ],
          [
            126.6157043,
            36.7398084
          ],
          [
            126.6156426,
            36.7398191
          ],
          [
            126.6155782,
            36.7398514
          ],
          [
            126.6155729,
            36.7399116
          ],
          [
            126.6156131,
            36.7400427
          ],
          [
            126.6156641,
            36.7401695
          ],
          [
            126.6156641,
            36.7402619
          ],
          [
            126.6156051,
            36.7403629
          ],
          [
            126.6155139,
            36.7403909
          ],
          [
            126.6152859,
            36.740393
          ],
          [
            126.6151464,
            36.7404038
          ],
          [
            126.615074,
            36.7404446
          ],
          [
            126.6150659,
            36.7405112
          ],
          [
            126.6150928,
            36.74058
          ],
          [
            126.6152725,
            36.7407348
          ],
          [
            126.6153797,
            36.7408573
          ],
          [
            126.6154844,
            36.74104
          ],
          [
            126.6154924,
            36.7411689
          ],
          [
            126.6154441,
            36.7412184
          ],
          [
            126.615302,
            36.7412506
          ],
          [
            126.6151705,
            36.7413065
          ],
          [
            126.6150954,
            36.7413989
          ],
          [
            126.6149801,
            36.7416655
          ],
          [
            126.6149023,
            36.7417837
          ],
          [
            126.6148299,
            36.7418331
          ],
          [
            126.614736,
            36.7418954
          ],
          [
            126.6146743,
            36.7420158
          ],
          [
            126.6146824,
            36.7421577
          ],
          [
            126.6147602,
            36.7422866
          ],
          [
            126.614913,
            36.7423962
          ],
          [
            126.6149962,
            36.7424672
          ],
          [
            126.6150632,
            36.7426026
          ],
          [
            126.6151196,
            36.7427057
          ],
          [
            126.6152295,
            36.7427681
          ],
          [
            126.6153181,
            36.7428497
          ],
          [
            126.6153529,
            36.7429916
          ],
          [
            126.6153824,
            36.7432087
          ],
          [
            126.6153927,
            36.743267
          ],
          [
            126.6153977,
            36.7432802
          ],
          [
            126.6154763,
            36.7434859
          ],
          [
            126.6155702,
            36.7436171
          ],
          [
            126.6157338,
            36.7436815
          ],
          [
            126.6158545,
            36.7437439
          ],
          [
            126.6159457,
            36.7438105
          ],
          [
            126.6159859,
            36.7438664
          ],
          [
            126.6159993,
            36.7440104
          ],
          [
            126.6160503,
            36.7441995
          ],
          [
            126.6161388,
            36.7443328
          ],
          [
            126.6161925,
            36.7444445
          ],
          [
            126.6161656,
            36.7444983
          ],
          [
            126.6160852,
            36.7445241
          ],
          [
            126.615876,
            36.7445541
          ],
          [
            126.6157928,
            36.7445821
          ],
          [
            126.6157338,
            36.7446358
          ],
          [
            126.6155407,
            36.7451087
          ],
          [
            126.6154575,
            36.7452613
          ],
          [
            126.6153905,
            36.7452999
          ],
          [
            126.6152832,
            36.7452935
          ],
          [
            126.6152,
            36.7452312
          ],
          [
            126.6150606,
            36.7451044
          ],
          [
            126.6149801,
            36.7450678
          ],
          [
            126.6148728,
            36.7450528
          ],
          [
            126.6147789,
            36.7450721
          ],
          [
            126.6145751,
            36.7451796
          ],
          [
            126.6144034,
            36.7453472
          ],
          [
            126.6141379,
            36.7457362
          ],
          [
            126.6141137,
            36.7458244
          ],
          [
            126.6141969,
            36.7459254
          ],
          [
            126.6143981,
            36.7460522
          ],
          [
            126.6145349,
            36.7461467
          ],
          [
            126.6145617,
            36.7462177
          ],
          [
            126.6145483,
            36.7462693
          ],
          [
            126.6144839,
            36.7463036
          ],
          [
            126.6143551,
            36.7463402
          ],
          [
            126.6142693,
            36.7463982
          ],
          [
            126.6141754,
            36.7464326
          ],
          [
            126.6140762,
            36.7463896
          ],
          [
            126.6139582,
            36.7462521
          ],
          [
            126.6137838,
            36.7461296
          ],
          [
            126.6135612,
            36.7459877
          ],
          [
            126.6134325,
            36.7459361
          ],
          [
            126.613301,
            36.7459168
          ],
          [
            126.613057,
            36.7459447
          ],
          [
            126.6127753,
            36.7460629
          ],
          [
            126.6124669,
            36.7462564
          ],
          [
            126.6123435,
            36.7463101
          ],
          [
            126.6120833,
            36.7463552
          ],
          [
            126.6118285,
            36.7464047
          ],
          [
            126.6115227,
            36.7465508
          ],
          [
            126.6112277,
            36.7468087
          ],
          [
            126.6111097,
            36.7469527
          ],
          [
            126.6110668,
            36.7470344
          ],
          [
            126.6109863,
            36.7472643
          ],
          [
            126.610871,
            36.7474384
          ],
          [
            126.6107932,
            36.7475609
          ],
          [
            126.6106081,
            36.74772
          ],
          [
            126.6103908,
            36.7481283
          ],
          [
            126.6102219,
            36.7484228
          ],
          [
            126.6100234,
            36.7486205
          ],
          [
            126.6098356,
            36.7487731
          ],
          [
            126.6096586,
            36.7490783
          ],
          [
            126.6096371,
            36.7492115
          ],
          [
            126.6096961,
            36.7494952
          ],
          [
            126.6097712,
            36.7495575
          ],
          [
            126.609908,
            36.7495769
          ],
          [
            126.6101307,
            36.7496499
          ],
          [
            126.6102675,
            36.7497316
          ],
          [
            126.6103104,
            36.7498197
          ],
          [
            126.6103211,
            36.7498734
          ],
          [
            126.6102084,
            36.7499422
          ],
          [
            126.6097659,
            36.7501249
          ],
          [
            126.609554,
            36.7502302
          ],
          [
            126.6093796,
            36.7503763
          ],
          [
            126.6092495,
            36.7504527
          ]
        ]
      }
    },
    {
      "type": "Feature",
      "properties": {
        "osmType": "way",
        "osmId": 1145461735,
        "name": null,
        "highway": "path",
        "bridge": null,
        "layer": null,
        "surface": "ground",
        "source": "OpenStreetMap contributors via Overpass API",
        "verificationLevel": "public-map-geometry-only",
        "trafficStatus": "unknown"
      },
      "geometry": {
        "type": "LineString",
        "coordinates": [
          [
            126.6281954,
            36.7600564
          ],
          [
            126.6281011,
            36.7599718
          ],
          [
            126.6279995,
            36.759921
          ],
          [
            126.6279979,
            36.7598629
          ],
          [
            126.6280052,
            36.7597544
          ],
          [
            126.628001,
            36.7596986
          ],
          [
            126.6279839,
            36.7596551
          ],
          [
            126.6279657,
            36.7596179
          ],
          [
            126.6279288,
            36.7595792
          ],
          [
            126.6278732,
            36.7595514
          ],
          [
            126.6278042,
            36.7595194
          ],
          [
            126.6276391,
            36.7594396
          ],
          [
            126.6275939,
            36.7594251
          ],
          [
            126.6275484,
            36.7594178
          ],
          [
            126.6274885,
            36.7594268
          ],
          [
            126.6274004,
            36.7594575
          ],
          [
            126.6273498,
            36.7594859
          ],
          [
            126.6272922,
            36.75954
          ],
          [
            126.6272691,
            36.7595467
          ],
          [
            126.6272445,
            36.759545
          ],
          [
            126.6272205,
            36.759534
          ],
          [
            126.6271978,
            36.7595172
          ],
          [
            126.6270665,
            36.7593945
          ],
          [
            126.6270411,
            36.7593785
          ],
          [
            126.6269975,
            36.7593622
          ],
          [
            126.6259937,
            36.7591598
          ],
          [
            126.6258969,
            36.7591443
          ],
          [
            126.6258495,
            36.7591456
          ],
          [
            126.6258034,
            36.7591563
          ],
          [
            126.6255451,
            36.7592459
          ],
          [
            126.6254676,
            36.7592668
          ],
          [
            126.625405,
            36.759273
          ],
          [
            126.6252136,
            36.7592782
          ],
          [
            126.6251511,
            36.7592863
          ],
          [
            126.6250746,
            36.7593077
          ],
          [
            126.6248178,
            36.7593928
          ],
          [
            126.6247564,
            36.7594087
          ],
          [
            126.6246772,
            36.7594138
          ],
          [
            126.6244817,
            36.759406
          ],
          [
            126.6244346,
            36.7594092
          ],
          [
            126.6244082,
            36.7594152
          ],
          [
            126.6243745,
            36.759429
          ],
          [
            126.6243557,
            36.7594481
          ],
          [
            126.6243618,
            36.7594749
          ],
          [
            126.6243971,
            36.7595303
          ],
          [
            126.6243979,
            36.7595427
          ],
          [
            126.6243842,
            36.7595485
          ],
          [
            126.6243461,
            36.7595486
          ],
          [
            126.6242004,
            36.7595358
          ],
          [
            126.6241515,
            36.7595362
          ],
          [
            126.6240875,
            36.7595481
          ],
          [
            126.6238676,
            36.7596123
          ],
          [
            126.6238037,
            36.7596273
          ],
          [
            126.6237098,
            36.7596371
          ],
          [
            126.6236182,
            36.759641
          ],
          [
            126.6235569,
            36.7596398
          ],
          [
            126.6235434,
            36.7596436
          ],
          [
            126.623509,
            36.7596718
          ],
          [
            126.6234687,
            36.7597232
          ],
          [
            126.6234454,
            36.7597821
          ],
          [
            126.6234373,
            36.759842
          ],
          [
            126.6234428,
            36.7598654
          ],
          [
            126.6234622,
            36.7598997
          ],
          [
            126.6235917,
            36.7600668
          ],
          [
            126.6236173,
            36.7601299
          ],
          [
            126.6236354,
            36.7602097
          ],
          [
            126.6236386,
            36.760263
          ],
          [
            126.6236218,
            36.7603401
          ],
          [
            126.623611,
            36.7603641
          ],
          [
            126.623595,
            36.7603858
          ],
          [
            126.6235501,
            36.7604229
          ],
          [
            126.6234978,
            36.7604538
          ],
          [
            126.6234694,
            36.760465
          ],
          [
            126.6234228,
            36.7604733
          ],
          [
            126.6228771,
            36.7604876
          ],
          [
            126.6228287,
            36.7604864
          ],
          [
            126.6227834,
            36.7604788
          ],
          [
            126.6227562,
            36.7604668
          ],
          [
            126.6227189,
            36.7604419
          ],
          [
            126.6226522,
            36.7603824
          ],
          [
            126.6226209,
            36.7603382
          ],
          [
            126.6225647,
            36.7602339
          ],
          [
            126.6225298,
            36.7601935
          ],
          [
            126.6224658,
            36.7601531
          ],
          [
            126.6221577,
            36.7599929
          ],
          [
            126.6220939,
            36.7599518
          ],
          [
            126.6220451,
            36.7598983
          ],
          [
            126.6219243,
            36.7597366
          ],
          [
            126.6218822,
            36.7596982
          ],
          [
            126.6218438,
            36.7596806
          ],
          [
            126.6217587,
            36.7596528
          ],
          [
            126.6217173,
            36.7596339
          ],
          [
            126.6214872,
            36.759484
          ],
          [
            126.6214356,
            36.7594575
          ],
          [
            126.6213956,
            36.7594518
          ],
          [
            126.6212887,
            36.7594814
          ],
          [
            126.6212651,
            36.7594817
          ],
          [
            126.6212552,
            36.7594785
          ],
          [
            126.6211965,
            36.7594362
          ],
          [
            126.6211576,
            36.7594134
          ],
          [
            126.6209444,
            36.7593106
          ],
          [
            126.6208773,
            36.7592727
          ],
          [
            126.6208059,
            36.7592183
          ],
          [
            126.620495,
            36.7589627
          ],
          [
            126.6204337,
            36.7589224
          ],
          [
            126.6203901,
            36.7589101
          ],
          [
            126.6203418,
            36.7589063
          ],
          [
            126.6199568,
            36.7589029
          ],
          [
            126.6199092,
            36.7588967
          ],
          [
            126.6198231,
            36.758877
          ],
          [
            126.6197822,
            36.7588727
          ],
          [
            126.6197562,
            36.758877
          ],
          [
            126.6196796,
            36.7589137
          ],
          [
            126.6196052,
            36.7589361
          ],
          [
            126.6194957,
            36.7589556
          ],
          [
            126.6194658,
            36.7589571
          ],
          [
            126.619438,
            36.7589535
          ],
          [
            126.6194124,
            36.7589421
          ],
          [
            126.6193891,
            36.7589254
          ],
          [
            126.6193008,
            36.7588449
          ],
          [
            126.6192518,
            36.7588106
          ],
          [
            126.6192102,
            36.7587954
          ],
          [
            126.6190754,
            36.7587638
          ],
          [
            126.6190362,
            36.7587473
          ],
          [
            126.619005,
            36.7587203
          ],
          [
            126.6189534,
            36.7586564
          ],
          [
            126.6189253,
            36.7586301
          ],
          [
            126.6189028,
            36.7586198
          ],
          [
            126.6188518,
            36.7586055
          ],
          [
            126.6188265,
            36.7585925
          ],
          [
            126.6186784,
            36.7584889
          ],
          [
            126.6186115,
            36.7584532
          ],
          [
            126.618499,
            36.7584039
          ],
          [
            126.6184254,
            36.7583777
          ],
          [
            126.6180036,
            36.7582877
          ],
          [
            126.6179248,
            36.7582663
          ],
          [
            126.6178391,
            36.7582266
          ],
          [
            126.6175484,
            36.758071
          ],
          [
            126.6174848,
            36.7580294
          ],
          [
            126.6174003,
            36.7579549
          ],
          [
            126.6173689,
            36.7579323
          ],
          [
            126.6173474,
            36.7579234
          ],
          [
            126.6173012,
            36.7579191
          ],
          [
            126.6172688,
            36.7579022
          ],
          [
            126.6171337,
            36.7577724
          ],
          [
            126.6170863,
            36.7577355
          ],
          [
            126.6168167,
            36.7575782
          ],
          [
            126.6167538,
            36.7575365
          ],
          [
            126.6167336,
            36.757517
          ],
          [
            126.6167187,
            36.7574947
          ],
          [
            126.6166735,
            36.7573979
          ],
          [
            126.6166558,
            36.7573775
          ],
          [
            126.6166331,
            36.7573599
          ],
          [
            126.6165675,
            36.7573211
          ],
          [
            126.6161693,
            36.7571071
          ],
          [
            126.6161269,
            36.757092
          ],
          [
            126.6160982,
            36.7570884
          ],
          [
            126.6160103,
            36.7570972
          ],
          [
            126.615966,
            36.7570965
          ],
          [
            126.6159215,
            36.7570865
          ],
          [
            126.6157735,
            36.7570388
          ],
          [
            126.6157099,
            36.7570285
          ],
          [
            126.6150639,
            36.7570037
          ],
          [
            126.6150068,
            36.7570015
          ]
        ]
      }
    },
    {
      "type": "Feature",
      "properties": {
        "osmType": "way",
        "osmId": 1145461737,
        "name": null,
        "highway": "track",
        "bridge": null,
        "layer": null,
        "surface": "gravel",
        "source": "OpenStreetMap contributors via Overpass API",
        "verificationLevel": "public-map-geometry-only",
        "trafficStatus": "unknown"
      },
      "geometry": {
        "type": "LineString",
        "coordinates": [
          [
            126.6258976,
            36.7432469
          ],
          [
            126.6260358,
            36.7434625
          ],
          [
            126.6263328,
            36.7437425
          ],
          [
            126.6265479,
            36.7439528
          ],
          [
            126.6266185,
            36.7440289
          ],
          [
            126.6266705,
            36.7440973
          ],
          [
            126.6267715,
            36.7442624
          ],
          [
            126.6268788,
            36.744414
          ],
          [
            126.6269253,
            36.7444675
          ],
          [
            126.6269488,
            36.7444843
          ],
          [
            126.6269903,
            36.7445038
          ],
          [
            126.6273683,
            36.7446375
          ],
          [
            126.6275158,
            36.7447019
          ],
          [
            126.627644,
            36.7447693
          ],
          [
            126.6277066,
            36.7448323
          ],
          [
            126.6277485,
            36.7448885
          ],
          [
            126.6279436,
            36.745178
          ],
          [
            126.6280199,
            36.7452627
          ],
          [
            126.6281888,
            36.7454328
          ],
          [
            126.6282705,
            36.7454827
          ],
          [
            126.6283244,
            36.7455392
          ],
          [
            126.6283508,
            36.7456659
          ],
          [
            126.6283624,
            36.7457922
          ],
          [
            126.6285208,
            36.7461246
          ],
          [
            126.6285885,
            36.7464002
          ],
          [
            126.6286352,
            36.7464866
          ],
          [
            126.6286968,
            36.7465655
          ],
          [
            126.6294325,
            36.7474323
          ],
          [
            126.6294921,
            36.7475279
          ],
          [
            126.629621,
            36.7477213
          ],
          [
            126.6296983,
            36.7478507
          ],
          [
            126.6297813,
            36.7480019
          ],
          [
            126.6297912,
            36.7481148
          ],
          [
            126.6298383,
            36.7482272
          ],
          [
            126.629888,
            36.7483885
          ],
          [
            126.6299826,
            36.7487979
          ],
          [
            126.6300103,
            36.7489009
          ],
          [
            126.6300872,
            36.7490672
          ]
        ]
      }
    },
    {
      "type": "Feature",
      "properties": {
        "osmType": "way",
        "osmId": 1145461738,
        "name": null,
        "highway": "path",
        "bridge": null,
        "layer": null,
        "surface": "ground",
        "source": "OpenStreetMap contributors via Overpass API",
        "verificationLevel": "public-map-geometry-only",
        "trafficStatus": "unknown"
      },
      "geometry": {
        "type": "LineString",
        "coordinates": [
          [
            126.6121797,
            36.7626441
          ],
          [
            126.6120665,
            36.7626718
          ],
          [
            126.6117169,
            36.7627531
          ],
          [
            126.6116053,
            36.7627759
          ],
          [
            126.6113997,
            36.7627939
          ],
          [
            126.6113212,
            36.762794
          ],
          [
            126.6112164,
            36.7627809
          ],
          [
            126.611168,
            36.7627841
          ],
          [
            126.6105346,
            36.762913
          ],
          [
            126.610454,
            36.7629253
          ],
          [
            126.6104224,
            36.7629252
          ],
          [
            126.6103924,
            36.7629199
          ],
          [
            126.6102447,
            36.7628707
          ],
          [
            126.6102137,
            36.7628654
          ],
          [
            126.6101654,
            36.7628632
          ],
          [
            126.609573,
            36.7628883
          ],
          [
            126.6095103,
            36.7628983
          ],
          [
            126.6094681,
            36.7629151
          ],
          [
            126.6092963,
            36.7630139
          ],
          [
            126.6092094,
            36.763072
          ],
          [
            126.6091586,
            36.7631245
          ],
          [
            126.6090108,
            36.7633036
          ],
          [
            126.6089798,
            36.7633344
          ],
          [
            126.6089561,
            36.7633521
          ],
          [
            126.608873,
            36.7633944
          ],
          [
            126.6083487,
            36.7636265
          ],
          [
            126.6083069,
            36.763647
          ],
          [
            126.6082702,
            36.7636705
          ],
          [
            126.6082456,
            36.7637013
          ],
          [
            126.6082131,
            36.7637886
          ],
          [
            126.6081945,
            36.7638241
          ],
          [
            126.6081659,
            36.7638539
          ],
          [
            126.6080638,
            36.763936
          ],
          [
            126.6080379,
            36.7639669
          ],
          [
            126.6079944,
            36.7640309
          ],
          [
            126.607976,
            36.7640486
          ],
          [
            126.607952,
            36.7640625
          ],
          [
            126.607895,
            36.7640826
          ],
          [
            126.6077261,
            36.7641277
          ],
          [
            126.6076682,
            36.7641468
          ],
          [
            126.6076317,
            36.7641663
          ],
          [
            126.6075896,
            36.7642073
          ],
          [
            126.6075682,
            36.7642189
          ],
          [
            126.6075096,
            36.7642273
          ],
          [
            126.6073446,
            36.7642307
          ],
          [
            126.6072977,
            36.7642395
          ],
          [
            126.6072539,
            36.764256
          ],
          [
            126.6068331,
            36.7644659
          ],
          [
            126.6067699,
            36.7645081
          ],
          [
            126.60663,
            36.7646207
          ],
          [
            126.6065788,
            36.7646476
          ],
          [
            126.6065174,
            36.7646533
          ],
          [
            126.6063186,
            36.7646391
          ],
          [
            126.6062527,
            36.7646399
          ],
          [
            126.6060117,
            36.7646801
          ],
          [
            126.6059655,
            36.7646905
          ],
          [
            126.6059248,
            36.7647054
          ],
          [
            126.6059046,
            36.7647211
          ],
          [
            126.6058904,
            36.7647417
          ],
          [
            126.6058495,
            36.7648391
          ],
          [
            126.6058285,
            36.7648739
          ],
          [
            126.6057895,
            36.7649159
          ],
          [
            126.605733,
            36.7649633
          ],
          [
            126.6056469,
            36.7650186
          ],
          [
            126.6055933,
            36.7650418
          ],
          [
            126.6055487,
            36.7650493
          ],
          [
            126.6054416,
            36.7650581
          ],
          [
            126.6054011,
            36.7650709
          ],
          [
            126.6053664,
            36.7650942
          ],
          [
            126.6053344,
            36.7651221
          ],
          [
            126.6052461,
            36.7652129
          ],
          [
            126.6052309,
            36.7652348
          ],
          [
            126.6052157,
            36.7652703
          ],
          [
            126.60517,
            36.7654315
          ],
          [
            126.6051102,
            36.765521
          ],
          [
            126.6050946,
            36.7655559
          ],
          [
            126.60509,
            36.7655937
          ],
          [
            126.6050909,
            36.765711
          ],
          [
            126.6050839,
            36.7657484
          ],
          [
            126.6050723,
            36.7657718
          ],
          [
            126.6050479,
            36.7658051
          ],
          [
            126.6049973,
            36.7658558
          ],
          [
            126.6049595,
            36.7658799
          ],
          [
            126.6048777,
            36.7659221
          ],
          [
            126.604806,
            36.7659801
          ],
          [
            126.6047876,
            36.7659868
          ],
          [
            126.6047693,
            36.7659819
          ],
          [
            126.6047181,
            36.7659478
          ],
          [
            126.6046789,
            36.7659299
          ],
          [
            126.6046028,
            36.7659111
          ],
          [
            126.6045234,
            36.7659005
          ],
          [
            126.6044744,
            36.7659013
          ],
          [
            126.6043918,
            36.7659123
          ],
          [
            126.6042946,
            36.7659306
          ],
          [
            126.6042506,
            36.7659446
          ],
          [
            126.6042262,
            36.765959
          ],
          [
            126.6041662,
            36.7660141
          ],
          [
            126.6041431,
            36.7660258
          ],
          [
            126.6040797,
            36.7660458
          ],
          [
            126.6040461,
            36.7660659
          ],
          [
            126.6040164,
            36.766091
          ],
          [
            126.6039919,
            36.7661215
          ],
          [
            126.6039233,
            36.766233
          ],
          [
            126.6038413,
            36.7663048
          ],
          [
            126.60378,
            36.7664246
          ],
          [
            126.6037644,
            36.7664469
          ],
          [
            126.6037443,
            36.7664664
          ],
          [
            126.6036834,
            36.7665093
          ],
          [
            126.6036036,
            36.7665549
          ],
          [
            126.6035615,
            36.7665718
          ],
          [
            126.6034763,
            36.766594
          ],
          [
            126.6034367,
            36.7666086
          ],
          [
            126.6034005,
            36.7666331
          ],
          [
            126.6033254,
            36.7667013
          ],
          [
            126.6032912,
            36.7667238
          ],
          [
            126.6032652,
            36.7667303
          ],
          [
            126.6032212,
            36.7667271
          ],
          [
            126.6031432,
            36.7667091
          ],
          [
            126.6030655,
            36.7666859
          ],
          [
            126.6029952,
            36.766653
          ],
          [
            126.6028407,
            36.7665563
          ],
          [
            126.6027992,
            36.7665392
          ],
          [
            126.6027696,
            36.7665338
          ],
          [
            126.6027067,
            36.7665312
          ],
          [
            126.6026104,
            36.766534
          ],
          [
            126.6025633,
            36.766538
          ],
          [
            126.6025195,
            36.7665478
          ],
          [
            126.6024695,
            36.7665761
          ],
          [
            126.6023632,
            36.7666507
          ],
          [
            126.6023343,
            36.7666552
          ],
          [
            126.602304,
            36.7666549
          ],
          [
            126.6022626,
            36.766664
          ],
          [
            126.6021929,
            36.7666517
          ],
          [
            126.6021552,
            36.7666794
          ]
        ]
      }
    },
    {
      "type": "Feature",
      "properties": {
        "osmType": "way",
        "osmId": 1160837784,
        "name": null,
        "highway": "track",
        "bridge": null,
        "layer": null,
        "surface": "concrete",
        "source": "OpenStreetMap contributors via Overpass API",
        "verificationLevel": "public-map-geometry-only",
        "trafficStatus": "unknown"
      },
      "geometry": {
        "type": "LineString",
        "coordinates": [
          [
            126.6073224,
            36.7461844
          ],
          [
            126.6073103,
            36.74628
          ],
          [
            126.6072347,
            36.7465016
          ],
          [
            126.6072178,
            36.7465981
          ],
          [
            126.6072446,
            36.7467464
          ],
          [
            126.6073599,
            36.7470021
          ],
          [
            126.6075128,
            36.7472579
          ],
          [
            126.6076828,
            36.7475722
          ],
          [
            126.6081378,
            36.7480466
          ],
          [
            126.6085493,
            36.7485287
          ],
          [
            126.6088164,
            36.7488805
          ],
          [
            126.6090483,
            36.7493177
          ],
          [
            126.6093072,
            36.7498971
          ],
          [
            126.6093528,
            36.7500346
          ],
          [
            126.6093501,
            36.7502323
          ],
          [
            126.6093021,
            36.7503375
          ],
          [
            126.6092495,
            36.7504527
          ],
          [
            126.6090202,
            36.7506729
          ],
          [
            126.6085815,
            36.7509944
          ],
          [
            126.6081136,
            36.7512897
          ],
          [
            126.6077623,
            36.7515863
          ],
          [
            126.607487,
            36.751853
          ]
        ]
      }
    },
    {
      "type": "Feature",
      "properties": {
        "osmType": "way",
        "osmId": 1161590202,
        "name": null,
        "highway": "residential",
        "bridge": null,
        "layer": null,
        "surface": null,
        "source": "OpenStreetMap contributors via Overpass API",
        "verificationLevel": "public-map-geometry-only",
        "trafficStatus": "unknown"
      },
      "geometry": {
        "type": "LineString",
        "coordinates": [
          [
            126.6218948,
            36.7979169
          ],
          [
            126.6218626,
            36.7976771
          ],
          [
            126.6219163,
            36.7973592
          ],
          [
            126.6217554,
            36.7967148
          ],
          [
            126.6217661,
            36.7963067
          ],
          [
            126.6215676,
            36.7958256
          ],
          [
            126.6215622,
            36.7954948
          ],
          [
            126.6217607,
            36.7953316
          ],
          [
            126.6218465,
            36.7952113
          ],
          [
            126.6220289,
            36.7946571
          ],
          [
            126.6221362,
            36.7944896
          ],
          [
            126.6221952,
            36.7943349
          ],
          [
            126.6220075,
            36.7939998
          ],
          [
            126.6220182,
            36.793523
          ],
          [
            126.6218734,
            36.793334
          ],
          [
            126.6216695,
            36.7932352
          ],
          [
            126.6216051,
            36.7931836
          ],
          [
            126.6215569,
            36.7931192
          ],
          [
            126.6215354,
            36.7930547
          ],
          [
            126.6216159,
            36.7929301
          ],
          [
            126.6218412,
            36.7926853
          ],
          [
            126.6218197,
            36.7926337
          ],
          [
            126.6212243,
            36.7920753
          ],
          [
            126.6211545,
            36.791955
          ],
          [
            126.6211384,
            36.7918433
          ],
          [
            126.6210741,
            36.79165
          ],
          [
            126.6208649,
            36.7912161
          ],
          [
            126.6209319,
            36.7910851
          ],
          [
            126.6209963,
            36.7910591
          ],
          [
            126.6213369,
            36.7913341
          ],
          [
            126.6215891,
            36.7915532
          ],
          [
            126.6216803,
            36.7915381
          ],
          [
            126.6219056,
            36.791362
          ],
          [
            126.6220799,
            36.7913276
          ],
          [
            126.6221926,
            36.7912073
          ]
        ]
      }
    },
    {
      "type": "Feature",
      "properties": {
        "osmType": "way",
        "osmId": 1161590203,
        "name": null,
        "highway": "residential",
        "bridge": null,
        "layer": null,
        "surface": null,
        "source": "OpenStreetMap contributors via Overpass API",
        "verificationLevel": "public-map-geometry-only",
        "trafficStatus": "unknown"
      },
      "geometry": {
        "type": "LineString",
        "coordinates": [
          [
            126.6252798,
            36.796165
          ],
          [
            126.6254836,
            36.7960146
          ],
          [
            126.6257333,
            36.7959031
          ],
          [
            126.6257626,
            36.79589
          ],
          [
            126.6260684,
            36.7957182
          ],
          [
            126.626283,
            36.7954475
          ],
          [
            126.6264975,
            36.7949664
          ],
          [
            126.626519,
            36.7948762
          ],
          [
            126.6265244,
            36.7947043
          ],
          [
            126.6265619,
            36.7945883
          ],
          [
            126.6269213,
            36.7942017
          ],
          [
            126.6269911,
            36.7940814
          ],
          [
            126.6270823,
            36.7938537
          ],
          [
            126.627152,
            36.7937378
          ],
          [
            126.6271681,
            36.7936304
          ],
          [
            126.6271627,
            36.7934843
          ],
          [
            126.6271305,
            36.7933554
          ],
          [
            126.6269642,
            36.7930934
          ],
          [
            126.6270286,
            36.7929602
          ],
          [
            126.6272968,
            36.7928528
          ],
          [
            126.6280157,
            36.7926079
          ],
          [
            126.6280479,
            36.7925435
          ],
          [
            126.6278976,
            36.7923674
          ],
          [
            126.6277367,
            36.7922471
          ],
          [
            126.6274256,
            36.7919163
          ],
          [
            126.6267175,
            36.7912289
          ],
          [
            126.6265231,
            36.7909139
          ],
          [
            126.6263956,
            36.7906189
          ],
          [
            126.6263849,
            36.7903397
          ],
          [
            126.6264492,
            36.7899659
          ],
          [
            126.6264546,
            36.7895449
          ],
          [
            126.6267067,
            36.7892915
          ],
          [
            126.626916,
            36.7888447
          ]
        ]
      }
    },
    {
      "type": "Feature",
      "properties": {
        "osmType": "way",
        "osmId": 1161590210,
        "name": null,
        "highway": "residential",
        "bridge": null,
        "layer": null,
        "surface": null,
        "source": "OpenStreetMap contributors via Overpass API",
        "verificationLevel": "public-map-geometry-only",
        "trafficStatus": "unknown"
      },
      "geometry": {
        "type": "LineString",
        "coordinates": [
          [
            126.6215676,
            36.7958256
          ],
          [
            126.6209999,
            36.7953702
          ],
          [
            126.6208712,
            36.7952413
          ],
          [
            126.6203242,
            36.7947559
          ]
        ]
      }
    },
    {
      "type": "Feature",
      "properties": {
        "osmType": "way",
        "osmId": 1161601903,
        "name": null,
        "highway": "residential",
        "bridge": null,
        "layer": null,
        "surface": null,
        "source": "OpenStreetMap contributors via Overpass API",
        "verificationLevel": "public-map-geometry-only",
        "trafficStatus": "unknown"
      },
      "geometry": {
        "type": "LineString",
        "coordinates": [
          [
            126.6220075,
            36.7939998
          ],
          [
            126.6213378,
            36.793871
          ],
          [
            126.6208283,
            36.7937335
          ],
          [
            126.6207425,
            36.7936647
          ],
          [
            126.6205387,
            36.7933039
          ],
          [
            126.6204314,
            36.7932352
          ]
        ]
      }
    },
    {
      "type": "Feature",
      "properties": {
        "osmType": "way",
        "osmId": 1161601904,
        "name": null,
        "highway": "residential",
        "bridge": null,
        "layer": null,
        "surface": null,
        "source": "OpenStreetMap contributors via Overpass API",
        "verificationLevel": "public-map-geometry-only",
        "trafficStatus": "unknown"
      },
      "geometry": {
        "type": "LineString",
        "coordinates": [
          [
            126.6252798,
            36.796165
          ],
          [
            126.6243947,
            36.7963325
          ],
          [
            126.6243464,
            36.7963239
          ],
          [
            126.6243035,
            36.7962809
          ],
          [
            126.6241533,
            36.7959244
          ],
          [
            126.623869,
            36.7956666
          ],
          [
            126.6236973,
            36.7954346
          ],
          [
            126.6235525,
            36.7953487
          ],
          [
            126.6233164,
            36.79528
          ],
          [
            126.6227424,
            36.795207
          ],
          [
            126.6225225,
            36.7949793
          ],
          [
            126.6221362,
            36.7944896
          ]
        ]
      }
    },
    {
      "type": "Feature",
      "properties": {
        "osmType": "way",
        "osmId": 1161601907,
        "name": null,
        "highway": "residential",
        "bridge": null,
        "layer": null,
        "surface": null,
        "source": "OpenStreetMap contributors via Overpass API",
        "verificationLevel": "public-map-geometry-only",
        "trafficStatus": "unknown"
      },
      "geometry": {
        "type": "LineString",
        "coordinates": [
          [
            126.6257333,
            36.7959031
          ],
          [
            126.6256574,
            36.7957105
          ],
          [
            126.6255822,
            36.7955172
          ],
          [
            126.6255286,
            36.7954614
          ],
          [
            126.6254803,
            36.7954356
          ],
          [
            126.625432,
            36.7953239
          ],
          [
            126.6253784,
            36.7951607
          ],
          [
            126.6253516,
            36.7950704
          ],
          [
            126.6253677,
            36.795006
          ],
          [
            126.6253623,
            36.7949287
          ],
          [
            126.6253301,
            36.7948385
          ],
          [
            126.6251799,
            36.7947053
          ],
          [
            126.6250297,
            36.7945721
          ]
        ]
      }
    },
    {
      "type": "Feature",
      "properties": {
        "osmType": "way",
        "osmId": 1161601908,
        "name": null,
        "highway": "residential",
        "bridge": null,
        "layer": null,
        "surface": null,
        "source": "OpenStreetMap contributors via Overpass API",
        "verificationLevel": "public-map-geometry-only",
        "trafficStatus": "unknown"
      },
      "geometry": {
        "type": "LineString",
        "coordinates": [
          [
            126.6320972,
            36.7922435
          ],
          [
            126.6321251,
            36.7922693
          ],
          [
            126.6321509,
            36.7924035
          ],
          [
            126.6321853,
            36.7926324
          ],
          [
            126.6322068,
            36.7927855
          ],
          [
            126.632312,
            36.7929817
          ],
          [
            126.6323958,
            36.7931124
          ],
          [
            126.6324087,
            36.793214
          ],
          [
            126.6323398,
            36.793431
          ],
          [
            126.6322858,
            36.7936013
          ],
          [
            126.6322269,
            36.7937115
          ],
          [
            126.632067,
            36.7937888
          ],
          [
            126.6305401,
            36.7943614
          ],
          [
            126.6302581,
            36.7944619
          ],
          [
            126.6300925,
            36.7945129
          ],
          [
            126.6298888,
            36.7945449
          ],
          [
            126.6296322,
            36.7945362
          ],
          [
            126.6292829,
            36.7944837
          ],
          [
            126.6289245,
            36.79451
          ],
          [
            126.6286061,
            36.7945551
          ],
          [
            126.628406,
            36.7946061
          ],
          [
            126.6282568,
            36.7946673
          ],
          [
            126.6281076,
            36.7947591
          ],
          [
            126.6274743,
            36.7953678
          ],
          [
            126.6273204,
            36.7955057
          ],
          [
            126.6271942,
            36.7955772
          ],
          [
            126.627156,
            36.7956101
          ],
          [
            126.6269838,
            36.7956937
          ],
          [
            126.6267529,
            36.7957543
          ],
          [
            126.6261831,
            36.7958953
          ],
          [
            126.626006,
            36.7959296
          ],
          [
            126.6258666,
            36.7959726
          ],
          [
            126.6257539,
            36.7959554
          ],
          [
            126.6257333,
            36.7959031
          ]
        ]
      }
    },
    {
      "type": "Feature",
      "properties": {
        "osmType": "way",
        "osmId": 1161601909,
        "name": null,
        "highway": "residential",
        "bridge": null,
        "layer": null,
        "surface": null,
        "source": "OpenStreetMap contributors via Overpass API",
        "verificationLevel": "public-map-geometry-only",
        "trafficStatus": "unknown"
      },
      "geometry": {
        "type": "LineString",
        "coordinates": [
          [
            126.626916,
            36.7888447
          ],
          [
            126.6265404,
            36.7887932
          ],
          [
            126.6261488,
            36.7889908
          ],
          [
            126.6260469,
            36.7890853
          ],
          [
            126.6258216,
            36.7895321
          ],
          [
            126.6257572,
            36.7896008
          ],
          [
            126.6255748,
            36.7897469
          ],
          [
            126.6252583,
            36.7897641
          ],
          [
            126.6251081,
            36.7898156
          ],
          [
            126.6250437,
            36.7899445
          ],
          [
            126.6248667,
            36.7900347
          ],
          [
            126.6248291,
            36.7901421
          ],
          [
            126.6247862,
            36.7902022
          ],
          [
            126.6245556,
            36.7903354
          ],
          [
            126.6247165,
            36.7907049
          ],
          [
            126.6252154,
            36.7909154
          ],
          [
            126.6255909,
            36.7911173
          ],
          [
            126.6256714,
            36.7912032
          ],
          [
            126.6261488,
            36.7918863
          ],
          [
            126.6262293,
            36.7919593
          ],
          [
            126.626417,
            36.7920581
          ],
          [
            126.6265189,
            36.7921354
          ],
          [
            126.6267013,
            36.7925349
          ],
          [
            126.6270286,
            36.7929602
          ]
        ]
      }
    },
    {
      "type": "Feature",
      "properties": {
        "osmType": "way",
        "osmId": 1161601910,
        "name": null,
        "highway": "residential",
        "bridge": null,
        "layer": null,
        "surface": null,
        "source": "OpenStreetMap contributors via Overpass API",
        "verificationLevel": "public-map-geometry-only",
        "trafficStatus": "unknown"
      },
      "geometry": {
        "type": "LineString",
        "coordinates": [
          [
            126.6247165,
            36.7907049
          ],
          [
            126.62453,
            36.7908445
          ]
        ]
      }
    },
    {
      "type": "Feature",
      "properties": {
        "osmType": "way",
        "osmId": 1161601911,
        "name": null,
        "highway": "residential",
        "bridge": null,
        "layer": null,
        "surface": null,
        "source": "OpenStreetMap contributors via Overpass API",
        "verificationLevel": "public-map-geometry-only",
        "trafficStatus": "unknown"
      },
      "geometry": {
        "type": "LineString",
        "coordinates": [
          [
            126.6278922,
            36.7915211
          ],
          [
            126.6276723,
            36.7916972
          ],
          [
            126.6274256,
            36.7919163
          ]
        ]
      }
    },
    {
      "type": "Feature",
      "properties": {
        "osmType": "way",
        "osmId": 1161601912,
        "name": null,
        "highway": "track",
        "bridge": null,
        "layer": null,
        "surface": "paved",
        "source": "OpenStreetMap contributors via Overpass API",
        "verificationLevel": "public-map-geometry-only",
        "trafficStatus": "unknown"
      },
      "geometry": {
        "type": "LineString",
        "coordinates": [
          [
            126.6280157,
            36.7926079
          ],
          [
            126.6285681,
            36.7931965
          ],
          [
            126.628772,
            36.7935488
          ],
          [
            126.6291153,
            36.7939053
          ],
          [
            126.6292729,
            36.7943671
          ],
          [
            126.6292829,
            36.7944837
          ]
        ]
      }
    },
    {
      "type": "Feature",
      "properties": {
        "osmType": "way",
        "osmId": 1161601915,
        "name": null,
        "highway": "track",
        "bridge": null,
        "layer": null,
        "surface": "paved",
        "source": "OpenStreetMap contributors via Overpass API",
        "verificationLevel": "public-map-geometry-only",
        "trafficStatus": "unknown"
      },
      "geometry": {
        "type": "LineString",
        "coordinates": [
          [
            126.6273844,
            36.7958385
          ],
          [
            126.6275234,
            36.7957215
          ],
          [
            126.6281186,
            36.7951692
          ],
          [
            126.628385,
            36.7949197
          ],
          [
            126.6284774,
            36.7948612
          ],
          [
            126.6286472,
            36.7948096
          ],
          [
            126.6288448,
            36.79477
          ],
          [
            126.6289866,
            36.794758
          ],
          [
            126.6291757,
            36.794758
          ],
          [
            126.6295066,
            36.7947821
          ],
          [
            126.6297902,
            36.7948199
          ],
          [
            126.6299084,
            36.7948199
          ],
          [
            126.6300459,
            36.7948079
          ],
          [
            126.6301576,
            36.794789
          ],
          [
            126.630278,
            36.7947545
          ],
          [
            126.6304327,
            36.7947098
          ],
          [
            126.6306862,
            36.7945963
          ],
          [
            126.6309551,
            36.794896
          ]
        ]
      }
    },
    {
      "type": "Feature",
      "properties": {
        "osmType": "way",
        "osmId": 1161601916,
        "name": null,
        "highway": "track",
        "bridge": null,
        "layer": null,
        "surface": "concrete",
        "source": "OpenStreetMap contributors via Overpass API",
        "verificationLevel": "public-map-geometry-only",
        "trafficStatus": "unknown"
      },
      "geometry": {
        "type": "LineString",
        "coordinates": [
          [
            126.6323398,
            36.793431
          ],
          [
            126.6324053,
            36.793441
          ]
        ]
      }
    },
    {
      "type": "Feature",
      "properties": {
        "osmType": "way",
        "osmId": 1161601917,
        "name": null,
        "highway": "track",
        "bridge": null,
        "layer": null,
        "surface": "concrete",
        "source": "OpenStreetMap contributors via Overpass API",
        "verificationLevel": "public-map-geometry-only",
        "trafficStatus": "unknown"
      },
      "geometry": {
        "type": "LineString",
        "coordinates": [
          [
            126.6326959,
            36.7934924
          ],
          [
            126.6327554,
            36.7934946
          ],
          [
            126.6330071,
            36.7934503
          ],
          [
            126.6331498,
            36.7934024
          ]
        ]
      }
    },
    {
      "type": "Feature",
      "properties": {
        "osmType": "way",
        "osmId": 1161601918,
        "name": null,
        "highway": "unclassified",
        "bridge": null,
        "layer": null,
        "surface": "asphalt",
        "source": "OpenStreetMap contributors via Overpass API",
        "verificationLevel": "public-map-geometry-only",
        "trafficStatus": "unknown"
      },
      "geometry": {
        "type": "LineString",
        "coordinates": [
          [
            126.6367489,
            36.7939308
          ],
          [
            126.6368195,
            36.7938388
          ],
          [
            126.6370278,
            36.793596
          ],
          [
            126.6371941,
            36.7935229
          ],
          [
            126.6380739,
            36.7929774
          ],
          [
            126.6381329,
            36.7929258
          ],
          [
            126.6381812,
            36.7929129
          ],
          [
            126.638503,
            36.7927196
          ],
          [
            126.6391521,
            36.79229
          ],
          [
            126.6392112,
            36.7922685
          ],
          [
            126.6398924,
            36.7918604
          ],
          [
            126.6402089,
            36.7916671
          ],
          [
            126.640445,
            36.7914652
          ],
          [
            126.6407561,
            36.7913836
          ],
          [
            126.6408366,
            36.7913449
          ],
          [
            126.6415125,
            36.7911129
          ],
          [
            126.6417861,
            36.7909926
          ],
          [
            126.6418934,
            36.7909282
          ],
          [
            126.6427892,
            36.790881
          ],
          [
            126.643787,
            36.790679
          ],
          [
            126.6439318,
            36.7906748
          ],
          [
            126.6441035,
            36.7907263
          ],
          [
            126.6441035,
            36.7908294
          ],
          [
            126.6440767,
            36.7908638
          ],
          [
            126.6436207,
            36.7911043
          ],
          [
            126.6434759,
            36.7912203
          ]
        ]
      }
    },
    {
      "type": "Feature",
      "properties": {
        "osmType": "way",
        "osmId": 1161601919,
        "name": null,
        "highway": "residential",
        "bridge": null,
        "layer": null,
        "surface": null,
        "source": "OpenStreetMap contributors via Overpass API",
        "verificationLevel": "public-map-geometry-only",
        "trafficStatus": "unknown"
      },
      "geometry": {
        "type": "LineString",
        "coordinates": [
          [
            126.6355633,
            36.7958728
          ],
          [
            126.6357887,
            36.7957826
          ],
          [
            126.6359174,
            36.7955034
          ],
          [
            126.6359603,
            36.7953573
          ],
          [
            126.636014,
            36.7952585
          ],
          [
            126.6363144,
            36.7950695
          ],
          [
            126.6364217,
            36.7949234
          ],
          [
            126.6364753,
            36.7947774
          ],
          [
            126.6365236,
            36.7944251
          ],
          [
            126.6367489,
            36.7939308
          ]
        ]
      }
    },
    {
      "type": "Feature",
      "properties": {
        "osmType": "way",
        "osmId": 1161601920,
        "name": null,
        "highway": "residential",
        "bridge": null,
        "layer": null,
        "surface": null,
        "source": "OpenStreetMap contributors via Overpass API",
        "verificationLevel": "public-map-geometry-only",
        "trafficStatus": "unknown"
      },
      "geometry": {
        "type": "LineString",
        "coordinates": [
          [
            126.6351342,
            36.7946786
          ],
          [
            126.6350162,
            36.7942533
          ],
          [
            126.635397,
            36.7936885
          ]
        ]
      }
    },
    {
      "type": "Feature",
      "properties": {
        "osmType": "way",
        "osmId": 1161601924,
        "name": null,
        "highway": "track",
        "bridge": null,
        "layer": null,
        "surface": "paved",
        "source": "OpenStreetMap contributors via Overpass API",
        "verificationLevel": "public-map-geometry-only",
        "trafficStatus": "unknown"
      },
      "geometry": {
        "type": "LineString",
        "coordinates": [
          [
            126.6386278,
            36.7949384
          ],
          [
            126.6387123,
            36.7948375
          ],
          [
            126.6383475,
            36.7944423
          ],
          [
            126.6378969,
            36.7942533
          ],
          [
            126.6378218,
            36.794206
          ],
          [
            126.6377359,
            36.7941244
          ],
          [
            126.6377145,
            36.7940814
          ],
          [
            126.6376769,
            36.7940599
          ],
          [
            126.6376555,
            36.794017
          ],
          [
            126.6371941,
            36.7935229
          ]
        ]
      }
    },
    {
      "type": "Feature",
      "properties": {
        "osmType": "way",
        "osmId": 1161601925,
        "name": null,
        "highway": "track",
        "bridge": null,
        "layer": null,
        "surface": "paved",
        "source": "OpenStreetMap contributors via Overpass API",
        "verificationLevel": "public-map-geometry-only",
        "trafficStatus": "unknown"
      },
      "geometry": {
        "type": "LineString",
        "coordinates": [
          [
            126.6387713,
            36.7959158
          ],
          [
            126.6387069,
            36.7954346
          ],
          [
            126.6386278,
            36.7949384
          ]
        ]
      }
    },
    {
      "type": "Feature",
      "properties": {
        "osmType": "way",
        "osmId": 1161601930,
        "name": null,
        "highway": "track",
        "bridge": null,
        "layer": null,
        "surface": "paved",
        "source": "OpenStreetMap contributors via Overpass API",
        "verificationLevel": "public-map-geometry-only",
        "trafficStatus": "unknown"
      },
      "geometry": {
        "type": "LineString",
        "coordinates": [
          [
            126.6343434,
            36.7931763
          ],
          [
            126.6345596,
            36.7920122
          ],
          [
            126.6347527,
            36.7920529
          ],
          [
            126.6348724,
            36.7919746
          ]
        ]
      }
    },
    {
      "type": "Feature",
      "properties": {
        "osmType": "way",
        "osmId": 1161601931,
        "name": null,
        "highway": "track",
        "bridge": null,
        "layer": null,
        "surface": "paved",
        "source": "OpenStreetMap contributors via Overpass API",
        "verificationLevel": "public-map-geometry-only",
        "trafficStatus": "unknown"
      },
      "geometry": {
        "type": "LineString",
        "coordinates": [
          [
            126.6368562,
            36.7922514
          ],
          [
            126.6366684,
            36.7933984
          ],
          [
            126.6370278,
            36.793596
          ]
        ]
      }
    },
    {
      "type": "Feature",
      "properties": {
        "osmType": "way",
        "osmId": 1161601932,
        "name": null,
        "highway": "track",
        "bridge": null,
        "layer": null,
        "surface": "paved",
        "source": "OpenStreetMap contributors via Overpass API",
        "verificationLevel": "public-map-geometry-only",
        "trafficStatus": "unknown"
      },
      "geometry": {
        "type": "LineString",
        "coordinates": [
          [
            126.638031,
            36.7928098
          ],
          [
            126.637972,
            36.7927841
          ],
          [
            126.6372692,
            36.7922986
          ],
          [
            126.6372317,
            36.7922428
          ]
        ]
      }
    },
    {
      "type": "Feature",
      "properties": {
        "osmType": "way",
        "osmId": 1161601933,
        "name": null,
        "highway": "track",
        "bridge": null,
        "layer": null,
        "surface": "paved",
        "source": "OpenStreetMap contributors via Overpass API",
        "verificationLevel": "public-map-geometry-only",
        "trafficStatus": "unknown"
      },
      "geometry": {
        "type": "LineString",
        "coordinates": [
          [
            126.638031,
            36.7928098
          ],
          [
            126.6381329,
            36.7929258
          ]
        ]
      }
    },
    {
      "type": "Feature",
      "properties": {
        "osmType": "way",
        "osmId": 1161601941,
        "name": null,
        "highway": "residential",
        "bridge": null,
        "layer": null,
        "surface": null,
        "source": "OpenStreetMap contributors via Overpass API",
        "verificationLevel": "public-map-geometry-only",
        "trafficStatus": "unknown"
      },
      "geometry": {
        "type": "LineString",
        "coordinates": [
          [
            126.6433673,
            36.7949148
          ],
          [
            126.6433726,
            36.7950222
          ],
          [
            126.6433941,
            36.7950651
          ],
          [
            126.6433297,
            36.7953358
          ],
          [
            126.6431796,
            36.7956708
          ],
          [
            126.6431849,
            36.7958169
          ],
          [
            126.6432493,
            36.7961563
          ],
          [
            126.6432251,
            36.7971516
          ],
          [
            126.6432493,
            36.7974453
          ]
        ]
      }
    },
    {
      "type": "Feature",
      "properties": {
        "osmType": "way",
        "osmId": 1161601942,
        "name": null,
        "highway": "residential",
        "bridge": null,
        "layer": null,
        "surface": null,
        "source": "OpenStreetMap contributors via Overpass API",
        "verificationLevel": "public-map-geometry-only",
        "trafficStatus": "unknown"
      },
      "geometry": {
        "type": "LineString",
        "coordinates": [
          [
            126.6433941,
            36.7950651
          ],
          [
            126.6438713,
            36.795018
          ],
          [
            126.6439303,
            36.7949965
          ]
        ]
      }
    },
    {
      "type": "Feature",
      "properties": {
        "osmType": "way",
        "osmId": 1161603875,
        "name": null,
        "highway": "service",
        "bridge": null,
        "layer": null,
        "surface": null,
        "source": "OpenStreetMap contributors via Overpass API",
        "verificationLevel": "public-map-geometry-only",
        "trafficStatus": "unknown"
      },
      "geometry": {
        "type": "LineString",
        "coordinates": [
          [
            126.622262,
            36.7872804
          ],
          [
            126.6215654,
            36.7873294
          ],
          [
            126.6214946,
            36.7873453
          ],
          [
            126.6214202,
            36.7873784
          ],
          [
            126.6213843,
            36.787416
          ],
          [
            126.6213429,
            36.7874833
          ],
          [
            126.6212437,
            36.7876931
          ],
          [
            126.6212023,
            36.7877494
          ],
          [
            126.6211375,
            36.7877914
          ],
          [
            126.6210562,
            36.7878223
          ],
          [
            126.6209858,
            36.78783
          ],
          [
            126.6208769,
            36.78783
          ],
          [
            126.6207652,
            36.7878168
          ],
          [
            126.6206701,
            36.7878002
          ],
          [
            126.6204081,
            36.7877373
          ]
        ]
      }
    },
    {
      "type": "Feature",
      "properties": {
        "osmType": "way",
        "osmId": 1161603877,
        "name": null,
        "highway": "service",
        "bridge": null,
        "layer": null,
        "surface": null,
        "source": "OpenStreetMap contributors via Overpass API",
        "verificationLevel": "public-map-geometry-only",
        "trafficStatus": "unknown"
      },
      "geometry": {
        "type": "LineString",
        "coordinates": [
          [
            126.6216958,
            36.7858461
          ],
          [
            126.6222401,
            36.7858461
          ]
        ]
      }
    },
    {
      "type": "Feature",
      "properties": {
        "osmType": "way",
        "osmId": 1161603878,
        "name": null,
        "highway": "service",
        "bridge": null,
        "layer": null,
        "surface": null,
        "source": "OpenStreetMap contributors via Overpass API",
        "verificationLevel": "public-map-geometry-only",
        "trafficStatus": "unknown"
      },
      "geometry": {
        "type": "LineString",
        "coordinates": [
          [
            126.6217713,
            36.7865886
          ],
          [
            126.6222514,
            36.7865876
          ]
        ]
      }
    },
    {
      "type": "Feature",
      "properties": {
        "osmType": "way",
        "osmId": 1161603879,
        "name": null,
        "highway": "residential",
        "bridge": null,
        "layer": null,
        "surface": null,
        "source": "OpenStreetMap contributors via Overpass API",
        "verificationLevel": "public-map-geometry-only",
        "trafficStatus": "unknown"
      },
      "geometry": {
        "type": "LineString",
        "coordinates": [
          [
            126.6223043,
            36.7843531
          ],
          [
            126.6223311,
            36.7844905
          ],
          [
            126.6222238,
            36.7846966
          ],
          [
            126.6222613,
            36.7848941
          ],
          [
            126.6222882,
            36.7857522
          ]
        ]
      }
    },
    {
      "type": "Feature",
      "properties": {
        "osmType": "way",
        "osmId": 1161603880,
        "name": null,
        "highway": "residential",
        "bridge": null,
        "layer": null,
        "surface": "paved",
        "source": "OpenStreetMap contributors via Overpass API",
        "verificationLevel": "public-map-geometry-only",
        "trafficStatus": "unknown"
      },
      "geometry": {
        "type": "LineString",
        "coordinates": [
          [
            126.6283965,
            36.7878223
          ],
          [
            126.628316,
            36.7880199
          ],
          [
            126.6281926,
            36.7881746
          ],
          [
            126.6277581,
            36.788428
          ],
          [
            126.6273021,
            36.7886858
          ],
          [
            126.626916,
            36.7888447
          ]
        ]
      }
    },
    {
      "type": "Feature",
      "properties": {
        "osmType": "way",
        "osmId": 1161603881,
        "name": null,
        "highway": "residential",
        "bridge": null,
        "layer": null,
        "surface": null,
        "source": "OpenStreetMap contributors via Overpass API",
        "verificationLevel": "public-map-geometry-only",
        "trafficStatus": "unknown"
      },
      "geometry": {
        "type": "LineString",
        "coordinates": [
          [
            126.6287398,
            36.7876418
          ],
          [
            126.6286218,
            36.7877364
          ],
          [
            126.6283965,
            36.7878223
          ],
          [
            126.6280747,
            36.7877407
          ],
          [
            126.6278333,
            36.7876204
          ],
          [
            126.6277099,
            36.7875774
          ],
          [
            126.6275543,
            36.7876032
          ],
          [
            126.6272378,
            36.7876891
          ],
          [
            126.6263044,
            36.7876719
          ]
        ]
      }
    },
    {
      "type": "Feature",
      "properties": {
        "osmType": "way",
        "osmId": 1161603882,
        "name": null,
        "highway": "residential",
        "bridge": null,
        "layer": null,
        "surface": null,
        "source": "OpenStreetMap contributors via Overpass API",
        "verificationLevel": "public-map-geometry-only",
        "trafficStatus": "unknown"
      },
      "geometry": {
        "type": "LineString",
        "coordinates": [
          [
            126.6287398,
            36.7876418
          ],
          [
            126.628477,
            36.7874743
          ],
          [
            126.6282929,
            36.7871243
          ],
          [
            126.6281498,
            36.7867827
          ]
        ]
      }
    },
    {
      "type": "Feature",
      "properties": {
        "osmType": "way",
        "osmId": 1161603883,
        "name": null,
        "highway": "residential",
        "bridge": null,
        "layer": null,
        "surface": null,
        "source": "OpenStreetMap contributors via Overpass API",
        "verificationLevel": "public-map-geometry-only",
        "trafficStatus": "unknown"
      },
      "geometry": {
        "type": "LineString",
        "coordinates": [
          [
            126.6290778,
            36.7877235
          ],
          [
            126.62956,
            36.78772
          ]
        ]
      }
    },
    {
      "type": "Feature",
      "properties": {
        "osmType": "way",
        "osmId": 1161603884,
        "name": null,
        "highway": "residential",
        "bridge": null,
        "layer": null,
        "surface": null,
        "source": "OpenStreetMap contributors via Overpass API",
        "verificationLevel": "public-map-geometry-only",
        "trafficStatus": "unknown"
      },
      "geometry": {
        "type": "LineString",
        "coordinates": [
          [
            126.6290778,
            36.7877235
          ],
          [
            126.6287828,
            36.7876418
          ],
          [
            126.6287398,
            36.7876418
          ]
        ]
      }
    },
    {
      "type": "Feature",
      "properties": {
        "osmType": "way",
        "osmId": 1161603885,
        "name": null,
        "highway": "residential",
        "bridge": null,
        "layer": null,
        "surface": null,
        "source": "OpenStreetMap contributors via Overpass API",
        "verificationLevel": "public-map-geometry-only",
        "trafficStatus": "unknown"
      },
      "geometry": {
        "type": "LineString",
        "coordinates": [
          [
            126.6296464,
            36.7887158
          ],
          [
            126.6293782,
            36.7884796
          ],
          [
            126.6289115,
            36.7879555
          ],
          [
            126.6290778,
            36.7877235
          ]
        ]
      }
    },
    {
      "type": "Feature",
      "properties": {
        "osmType": "way",
        "osmId": 1161603886,
        "name": null,
        "highway": "residential",
        "bridge": null,
        "layer": null,
        "surface": null,
        "source": "OpenStreetMap contributors via Overpass API",
        "verificationLevel": "public-map-geometry-only",
        "trafficStatus": "unknown"
      },
      "geometry": {
        "type": "LineString",
        "coordinates": [
          [
            126.6301131,
            36.7884624
          ],
          [
            126.6297537,
            36.7886686
          ],
          [
            126.6296464,
            36.7887158
          ],
          [
            126.6294694,
            36.7888877
          ],
          [
            126.6294479,
            36.7889908
          ],
          [
            126.6294909,
            36.789197
          ],
          [
            126.629566,
            36.7892271
          ],
          [
            126.6299629,
            36.7893044
          ],
          [
            126.6301775,
            36.7893602
          ],
          [
            126.6303009,
            36.7894376
          ],
          [
            126.6303814,
            36.7895364
          ],
          [
            126.6303921,
            36.7896609
          ],
          [
            126.630376,
            36.7899015
          ],
          [
            126.6303921,
            36.7899874
          ],
          [
            126.6304511,
            36.790112
          ],
          [
            126.6304994,
            36.7901593
          ],
          [
            126.630832,
            36.790271
          ],
          [
            126.6308856,
            36.7903139
          ],
          [
            126.6308856,
            36.7904256
          ],
          [
            126.6315025,
            36.790692
          ],
          [
            126.6318834,
            36.790692
          ],
          [
            126.6324413,
            36.7908166
          ],
          [
            126.6327366,
            36.7907489
          ]
        ]
      }
    },
    {
      "type": "Feature",
      "properties": {
        "osmType": "way",
        "osmId": 1161603887,
        "name": null,
        "highway": "track",
        "bridge": null,
        "layer": null,
        "surface": "concrete",
        "source": "OpenStreetMap contributors via Overpass API",
        "verificationLevel": "public-map-geometry-only",
        "trafficStatus": "unknown"
      },
      "geometry": {
        "type": "LineString",
        "coordinates": [
          [
            126.6345609,
            36.7875811
          ],
          [
            126.6340487,
            36.7873922
          ],
          [
            126.6335852,
            36.7874586
          ],
          [
            126.6333646,
            36.7875802
          ],
          [
            126.6331369,
            36.7877569
          ],
          [
            126.6330353,
            36.7878438
          ],
          [
            126.6327399,
            36.7879018
          ],
          [
            126.6323136,
            36.7879754
          ],
          [
            126.632024,
            36.7879646
          ],
          [
            126.6318148,
            36.7879475
          ],
          [
            126.631568,
            36.7880012
          ],
          [
            126.6313132,
            36.7880656
          ],
          [
            126.6310932,
            36.7880656
          ],
          [
            126.6308626,
            36.7880613
          ],
          [
            126.6304522,
            36.7880613
          ],
          [
            126.6301989,
            36.7879898
          ],
          [
            126.6299146,
            36.7879882
          ]
        ]
      }
    },
    {
      "type": "Feature",
      "properties": {
        "osmType": "way",
        "osmId": 1161603888,
        "name": null,
        "highway": "unclassified",
        "bridge": null,
        "layer": null,
        "surface": "asphalt",
        "source": "OpenStreetMap contributors via Overpass API",
        "verificationLevel": "public-map-geometry-only",
        "trafficStatus": "unknown"
      },
      "geometry": {
        "type": "LineString",
        "coordinates": [
          [
            126.6329656,
            36.790808
          ],
          [
            126.633203,
            36.7907006
          ],
          [
            126.6333693,
            36.7906576
          ],
          [
            126.6336322,
            36.7905545
          ],
          [
            126.633777,
            36.7903827
          ],
          [
            126.6338575,
            36.7901163
          ],
          [
            126.6339862,
            36.7898929
          ],
          [
            126.6340528,
            36.7898008
          ],
          [
            126.6341396,
            36.7896927
          ],
          [
            126.6342438,
            36.7891502
          ],
          [
            126.6345576,
            36.7881298
          ],
          [
            126.6345985,
            36.7879406
          ],
          [
            126.6345872,
            36.787786
          ],
          [
            126.6345773,
            36.7876884
          ],
          [
            126.6345609,
            36.7875811
          ],
          [
            126.6345563,
            36.7874488
          ],
          [
            126.6345507,
            36.7873281
          ],
          [
            126.6346363,
            36.7871306
          ],
          [
            126.6349365,
            36.7868787
          ],
          [
            126.6353166,
            36.7867053
          ],
          [
            126.6353917,
            36.7866667
          ],
          [
            126.6354883,
            36.7865679
          ],
          [
            126.6356814,
            36.7864089
          ],
          [
            126.6358852,
            36.7863273
          ],
          [
            126.6361803,
            36.7862457
          ],
          [
            126.636427,
            36.7859621
          ],
          [
            126.6365611,
            36.785743
          ],
          [
            126.6367274,
            36.785597
          ],
          [
            126.6367757,
            36.785554
          ],
          [
            126.6370225,
            36.7853349
          ],
          [
            126.6373229,
            36.7850901
          ],
          [
            126.6376567,
            36.7845874
          ],
          [
            126.6377091,
            36.7845659
          ],
          [
            126.637795,
            36.7845015
          ],
          [
            126.6379452,
            36.7844457
          ],
          [
            126.6386114,
            36.7843211
          ],
          [
            126.6387284,
            36.7842824
          ],
          [
            126.6388357,
            36.7841879
          ],
          [
            126.6391637,
            36.7837837
          ]
        ]
      }
    },
    {
      "type": "Feature",
      "properties": {
        "osmType": "way",
        "osmId": 1161603889,
        "name": null,
        "highway": "track",
        "bridge": null,
        "layer": null,
        "surface": "paved",
        "source": "OpenStreetMap contributors via Overpass API",
        "verificationLevel": "public-map-geometry-only",
        "trafficStatus": "unknown"
      },
      "geometry": {
        "type": "LineString",
        "coordinates": [
          [
            126.6340528,
            36.7898008
          ],
          [
            126.6325217,
            36.7885955
          ],
          [
            126.6324681,
            36.7886127
          ],
          [
            126.6322696,
            36.7887373
          ],
          [
            126.6320872,
            36.7887889
          ],
          [
            126.6319585,
            36.7887889
          ],
          [
            126.6315132,
            36.7887158
          ],
          [
            126.6309714,
            36.7887875
          ]
        ]
      }
    },
    {
      "type": "Feature",
      "properties": {
        "osmType": "way",
        "osmId": 1161603890,
        "name": null,
        "highway": "residential",
        "bridge": "yes",
        "layer": "1",
        "surface": null,
        "source": "OpenStreetMap contributors via Overpass API",
        "verificationLevel": "public-map-geometry-only",
        "trafficStatus": "unknown"
      },
      "geometry": {
        "type": "LineString",
        "coordinates": [
          [
            126.6303363,
            36.788399
          ],
          [
            126.6301131,
            36.7884624
          ]
        ]
      }
    },
    {
      "type": "Feature",
      "properties": {
        "osmType": "way",
        "osmId": 1161603891,
        "name": null,
        "highway": "residential",
        "bridge": null,
        "layer": null,
        "surface": null,
        "source": "OpenStreetMap contributors via Overpass API",
        "verificationLevel": "public-map-geometry-only",
        "trafficStatus": "unknown"
      },
      "geometry": {
        "type": "LineString",
        "coordinates": [
          [
            126.6304243,
            36.7883737
          ],
          [
            126.6303363,
            36.788399
          ]
        ]
      }
    },
    {
      "type": "Feature",
      "properties": {
        "osmType": "way",
        "osmId": 1161636599,
        "name": null,
        "highway": "unclassified",
        "bridge": null,
        "layer": null,
        "surface": "asphalt",
        "source": "OpenStreetMap contributors via Overpass API",
        "verificationLevel": "public-map-geometry-only",
        "trafficStatus": "unknown"
      },
      "geometry": {
        "type": "LineString",
        "coordinates": [
          [
            126.6347962,
            36.7919378
          ],
          [
            126.6347386,
            36.7918971
          ],
          [
            126.6346729,
            36.7918518
          ],
          [
            126.6343671,
            36.7916027
          ],
          [
            126.6339862,
            36.7913965
          ],
          [
            126.6338145,
            36.7912633
          ],
          [
            126.6333693,
            36.7906576
          ]
        ]
      }
    },
    {
      "type": "Feature",
      "properties": {
        "osmType": "way",
        "osmId": 1161636600,
        "name": null,
        "highway": "unclassified",
        "bridge": null,
        "layer": null,
        "surface": "asphalt",
        "source": "OpenStreetMap contributors via Overpass API",
        "verificationLevel": "public-map-geometry-only",
        "trafficStatus": "unknown"
      },
      "geometry": {
        "type": "LineString",
        "coordinates": [
          [
            126.6347962,
            36.7919378
          ],
          [
            126.6348338,
            36.7919635
          ],
          [
            126.6348724,
            36.7919746
          ],
          [
            126.634984,
            36.7920065
          ],
          [
            126.6351664,
            36.7920022
          ],
          [
            126.6354882,
            36.7919635
          ],
          [
            126.6356009,
            36.7919678
          ],
          [
            126.6362017,
            36.792144
          ],
          [
            126.6368562,
            36.7922514
          ],
          [
            126.6372317,
            36.7922428
          ],
          [
            126.6376555,
            36.792101
          ],
          [
            126.6380149,
            36.7918304
          ],
          [
            126.6382026,
            36.7916413
          ],
          [
            126.6385513,
            36.791216
          ],
          [
            126.6389322,
            36.7902967
          ],
          [
            126.6389215,
            36.790258
          ],
          [
            126.6390609,
            36.7893946
          ],
          [
            126.6391521,
            36.7891024
          ],
          [
            126.6396188,
            36.7884623
          ],
          [
            126.6397369,
            36.7884065
          ],
          [
            126.6400265,
            36.7883764
          ],
          [
            126.6402162,
            36.7880669
          ]
        ]
      }
    },
    {
      "type": "Feature",
      "properties": {
        "osmType": "way",
        "osmId": 1161636601,
        "name": null,
        "highway": "track",
        "bridge": null,
        "layer": null,
        "surface": "paved",
        "source": "OpenStreetMap contributors via Overpass API",
        "verificationLevel": "public-map-geometry-only",
        "trafficStatus": "unknown"
      },
      "geometry": {
        "type": "LineString",
        "coordinates": [
          [
            126.6403055,
            36.7908595
          ],
          [
            126.6400158,
            36.7909755
          ],
          [
            126.6395277,
            36.7914437
          ],
          [
            126.6392702,
            36.7917444
          ],
          [
            126.6392112,
            36.7918647
          ],
          [
            126.6391468,
            36.7920752
          ],
          [
            126.6390288,
            36.7921697
          ],
          [
            126.6387498,
            36.7923974
          ],
          [
            126.6381168,
            36.7927583
          ],
          [
            126.6380739,
            36.7927841
          ],
          [
            126.638031,
            36.7928098
          ]
        ]
      }
    },
    {
      "type": "Feature",
      "properties": {
        "osmType": "way",
        "osmId": 1161636602,
        "name": null,
        "highway": "track",
        "bridge": null,
        "layer": null,
        "surface": "paved",
        "source": "OpenStreetMap contributors via Overpass API",
        "verificationLevel": "public-map-geometry-only",
        "trafficStatus": "unknown"
      },
      "geometry": {
        "type": "LineString",
        "coordinates": [
          [
            126.6389322,
            36.7902967
          ],
          [
            126.6390395,
            36.7902667
          ],
          [
            126.6397422,
            36.7898328
          ],
          [
            126.6403002,
            36.7895364
          ],
          [
            126.6404235,
            36.7893602
          ],
          [
            126.6406327,
            36.7891583
          ],
          [
            126.6411638,
            36.7889822
          ],
          [
            126.6418022,
            36.7889392
          ]
        ]
      }
    },
    {
      "type": "Feature",
      "properties": {
        "osmType": "way",
        "osmId": 1161636603,
        "name": null,
        "highway": "track",
        "bridge": null,
        "layer": null,
        "surface": "paved",
        "source": "OpenStreetMap contributors via Overpass API",
        "verificationLevel": "public-map-geometry-only",
        "trafficStatus": "unknown"
      },
      "geometry": {
        "type": "LineString",
        "coordinates": [
          [
            126.6420423,
            36.7903182
          ],
          [
            126.641463,
            36.7901678
          ],
          [
            126.6405674,
            36.7900347
          ],
          [
            126.6404385,
            36.789953
          ],
          [
            126.6403849,
            36.78988
          ],
          [
            126.6403002,
            36.7895364
          ]
        ]
      }
    },
    {
      "type": "Feature",
      "properties": {
        "osmType": "way",
        "osmId": 1161636604,
        "name": null,
        "highway": "residential",
        "bridge": null,
        "layer": null,
        "surface": null,
        "source": "OpenStreetMap contributors via Overpass API",
        "verificationLevel": "public-map-geometry-only",
        "trafficStatus": "unknown"
      },
      "geometry": {
        "type": "LineString",
        "coordinates": [
          [
            126.6407561,
            36.7913836
          ],
          [
            126.6407927,
            36.7914395
          ],
          [
            126.6412807,
            36.7917445
          ],
          [
            126.6418439,
            36.7923287
          ],
          [
            126.6421443,
            36.7925822
          ],
          [
            126.6430078,
            36.793175
          ]
        ]
      }
    },
    {
      "type": "Feature",
      "properties": {
        "osmType": "way",
        "osmId": 1161636605,
        "name": null,
        "highway": "residential",
        "bridge": null,
        "layer": null,
        "surface": null,
        "source": "OpenStreetMap contributors via Overpass API",
        "verificationLevel": "public-map-geometry-only",
        "trafficStatus": "unknown"
      },
      "geometry": {
        "type": "LineString",
        "coordinates": [
          [
            126.6420423,
            36.7903182
          ],
          [
            126.6420369,
            36.7903912
          ],
          [
            126.6418921,
            36.790881
          ],
          [
            126.6418934,
            36.7909282
          ]
        ]
      }
    },
    {
      "type": "Feature",
      "properties": {
        "osmType": "way",
        "osmId": 1161636606,
        "name": null,
        "highway": "residential",
        "bridge": null,
        "layer": null,
        "surface": null,
        "source": "OpenStreetMap contributors via Overpass API",
        "verificationLevel": "public-map-geometry-only",
        "trafficStatus": "unknown"
      },
      "geometry": {
        "type": "LineString",
        "coordinates": [
          [
            126.6420423,
            36.7903182
          ],
          [
            126.6423265,
            36.7903697
          ],
          [
            126.6424821,
            36.7903526
          ],
          [
            126.6431203,
            36.790112
          ],
          [
            126.6434904,
            36.7897296
          ]
        ]
      }
    },
    {
      "type": "Feature",
      "properties": {
        "osmType": "way",
        "osmId": 1161636607,
        "name": null,
        "highway": "unclassified",
        "bridge": null,
        "layer": null,
        "surface": "asphalt",
        "source": "OpenStreetMap contributors via Overpass API",
        "verificationLevel": "public-map-geometry-only",
        "trafficStatus": "unknown"
      },
      "geometry": {
        "type": "LineString",
        "coordinates": [
          [
            126.6420423,
            36.7903182
          ],
          [
            126.6418921,
            36.7897769
          ],
          [
            126.6418706,
            36.7892657
          ],
          [
            126.6418022,
            36.7889392
          ],
          [
            126.6417902,
            36.7887759
          ],
          [
            126.6418116,
            36.7886557
          ],
          [
            126.6418384,
            36.7886084
          ],
          [
            126.6418331,
            36.7882819
          ],
          [
            126.6417794,
            36.7881402
          ],
          [
            126.6416024,
            36.7881058
          ],
          [
            126.6402162,
            36.7880669
          ]
        ]
      }
    },
    {
      "type": "Feature",
      "properties": {
        "osmType": "way",
        "osmId": 1161636608,
        "name": null,
        "highway": "track",
        "bridge": null,
        "layer": null,
        "surface": "paved",
        "source": "OpenStreetMap contributors via Overpass API",
        "verificationLevel": "public-map-geometry-only",
        "trafficStatus": "unknown"
      },
      "geometry": {
        "type": "LineString",
        "coordinates": [
          [
            126.6406327,
            36.7891583
          ],
          [
            126.6400265,
            36.7883764
          ]
        ]
      }
    },
    {
      "type": "Feature",
      "properties": {
        "osmType": "way",
        "osmId": 1161636609,
        "name": null,
        "highway": "residential",
        "bridge": null,
        "layer": null,
        "surface": null,
        "source": "OpenStreetMap contributors via Overpass API",
        "verificationLevel": "public-map-geometry-only",
        "trafficStatus": "unknown"
      },
      "geometry": {
        "type": "LineString",
        "coordinates": [
          [
            126.6430882,
            36.7880027
          ],
          [
            126.6432598,
            36.7883421
          ],
          [
            126.6431901,
            36.7884065
          ],
          [
            126.6429809,
            36.7884838
          ],
          [
            126.642879,
            36.788501
          ],
          [
            126.6426483,
            36.7884838
          ],
          [
            126.6422836,
            36.7885955
          ],
          [
            126.6418384,
            36.7886084
          ]
        ]
      }
    },
    {
      "type": "Feature",
      "properties": {
        "osmType": "way",
        "osmId": 1161636610,
        "name": null,
        "highway": "track",
        "bridge": null,
        "layer": null,
        "surface": "paved",
        "source": "OpenStreetMap contributors via Overpass API",
        "verificationLevel": "public-map-geometry-only",
        "trafficStatus": "unknown"
      },
      "geometry": {
        "type": "LineString",
        "coordinates": [
          [
            126.6405674,
            36.7900347
          ],
          [
            126.6404279,
            36.7904342
          ],
          [
            126.6403055,
            36.7908595
          ],
          [
            126.6403797,
            36.7909841
          ],
          [
            126.6404816,
            36.7911044
          ],
          [
            126.6407337,
            36.7913235
          ],
          [
            126.6407561,
            36.7913836
          ]
        ]
      }
    },
    {
      "type": "Feature",
      "properties": {
        "osmType": "way",
        "osmId": 1161636611,
        "name": null,
        "highway": "residential",
        "bridge": null,
        "layer": null,
        "surface": null,
        "source": "OpenStreetMap contributors via Overpass API",
        "verificationLevel": "public-map-geometry-only",
        "trafficStatus": "unknown"
      },
      "geometry": {
        "type": "LineString",
        "coordinates": [
          [
            126.6391521,
            36.7891024
          ],
          [
            126.6384601,
            36.7889177
          ],
          [
            126.6384226,
            36.7888791
          ],
          [
            126.6383529,
            36.7887545
          ],
          [
            126.6380042,
            36.7883979
          ],
          [
            126.6379666,
            36.788385
          ],
          [
            126.6377306,
            36.7884839
          ],
          [
            126.637516,
            36.7887244
          ]
        ]
      }
    },
    {
      "type": "Feature",
      "properties": {
        "osmType": "way",
        "osmId": 1161636612,
        "name": null,
        "highway": "residential",
        "bridge": null,
        "layer": null,
        "surface": null,
        "source": "OpenStreetMap contributors via Overpass API",
        "verificationLevel": "public-map-geometry-only",
        "trafficStatus": "unknown"
      },
      "geometry": {
        "type": "LineString",
        "coordinates": [
          [
            126.6364394,
            36.7887793
          ],
          [
            126.636415,
            36.7887276
          ],
          [
            126.6363776,
            36.7887014
          ],
          [
            126.6363243,
            36.7886512
          ],
          [
            126.6362972,
            36.7885988
          ],
          [
            126.6362635,
            36.7885449
          ],
          [
            126.6362392,
            36.7885044
          ],
          [
            126.6362149,
            36.7884707
          ],
          [
            126.6362177,
            36.7884295
          ],
          [
            126.6362345,
            36.7883808
          ],
          [
            126.636258,
            36.7883429
          ],
          [
            126.6363027,
            36.7883108
          ],
          [
            126.6363489,
            36.7882849
          ],
          [
            126.6364117,
            36.7882682
          ],
          [
            126.6364875,
            36.7882634
          ],
          [
            126.6365559,
            36.7882812
          ],
          [
            126.6366362,
            36.7883335
          ],
          [
            126.6371244,
            36.7886342
          ],
          [
            126.637516,
            36.7887244
          ]
        ]
      }
    },
    {
      "type": "Feature",
      "properties": {
        "osmType": "way",
        "osmId": 1161636613,
        "name": null,
        "highway": "residential",
        "bridge": null,
        "layer": null,
        "surface": null,
        "source": "OpenStreetMap contributors via Overpass API",
        "verificationLevel": "public-map-geometry-only",
        "trafficStatus": "unknown"
      },
      "geometry": {
        "type": "LineString",
        "coordinates": [
          [
            126.637516,
            36.7887244
          ],
          [
            126.6375375,
            36.788892
          ],
          [
            126.6375911,
            36.7889779
          ]
        ]
      }
    },
    {
      "type": "Feature",
      "properties": {
        "osmType": "way",
        "osmId": 1161636614,
        "name": null,
        "highway": "track",
        "bridge": null,
        "layer": null,
        "surface": "paved",
        "source": "OpenStreetMap contributors via Overpass API",
        "verificationLevel": "public-map-geometry-only",
        "trafficStatus": "unknown"
      },
      "geometry": {
        "type": "LineString",
        "coordinates": [
          [
            126.6392112,
            36.7922685
          ],
          [
            126.6395598,
            36.7926208
          ],
          [
            126.6396028,
            36.7926337
          ],
          [
            126.6398978,
            36.7924919
          ],
          [
            126.6401982,
            36.7921955
          ],
          [
            126.6398924,
            36.7918604
          ]
        ]
      }
    },
    {
      "type": "Feature",
      "properties": {
        "osmType": "way",
        "osmId": 1161636616,
        "name": null,
        "highway": "residential",
        "bridge": null,
        "layer": null,
        "surface": null,
        "source": "OpenStreetMap contributors via Overpass API",
        "verificationLevel": "public-map-geometry-only",
        "trafficStatus": "unknown"
      },
      "geometry": {
        "type": "LineString",
        "coordinates": [
          [
            126.6416794,
            36.7858461
          ],
          [
            126.6420388,
            36.7859922
          ],
          [
            126.6423177,
            36.7860008
          ],
          [
            126.6424534,
            36.7859425
          ],
          [
            126.64251,
            36.7858538
          ],
          [
            126.6426449,
            36.7857774
          ],
          [
            126.642779,
            36.7857087
          ],
          [
            126.6430525,
            36.7856915
          ],
          [
            126.6431866,
            36.7857087
          ],
          [
            126.6434763,
            36.785829
          ],
          [
            126.6439,
            36.7858805
          ],
          [
            126.6442004,
            36.7857731
          ],
          [
            126.6443452,
            36.7853779
          ],
          [
            126.6444149,
            36.785322
          ],
          [
            126.6449137,
            36.7852104
          ],
          [
            126.6451283,
            36.7851459
          ],
          [
            126.6455252,
            36.7849999
          ],
          [
            126.6456754,
            36.7848753
          ],
          [
            126.6459006,
            36.7847679
          ],
          [
            126.646083,
            36.7847421
          ]
        ]
      }
    },
    {
      "type": "Feature",
      "properties": {
        "osmType": "way",
        "osmId": 1161636617,
        "name": null,
        "highway": "residential",
        "bridge": null,
        "layer": null,
        "surface": null,
        "source": "OpenStreetMap contributors via Overpass API",
        "verificationLevel": "public-map-geometry-only",
        "trafficStatus": "unknown"
      },
      "geometry": {
        "type": "LineString",
        "coordinates": [
          [
            126.6439,
            36.7858805
          ],
          [
            126.6438729,
            36.7860824
          ],
          [
            126.644361,
            36.7863917
          ],
          [
            126.6448814,
            36.786555
          ]
        ]
      }
    },
    {
      "type": "Feature",
      "properties": {
        "osmType": "way",
        "osmId": 1161636618,
        "name": null,
        "highway": "track",
        "bridge": null,
        "layer": null,
        "surface": "paved",
        "source": "OpenStreetMap contributors via Overpass API",
        "verificationLevel": "public-map-geometry-only",
        "trafficStatus": "unknown"
      },
      "geometry": {
        "type": "LineString",
        "coordinates": [
          [
            126.6407891,
            36.7854123
          ],
          [
            126.6411102,
            36.7850127
          ],
          [
            126.6411799,
            36.7848538
          ]
        ]
      }
    },
    {
      "type": "Feature",
      "properties": {
        "osmType": "way",
        "osmId": 1161636619,
        "name": null,
        "highway": "track",
        "bridge": null,
        "layer": null,
        "surface": "paved",
        "source": "OpenStreetMap contributors via Overpass API",
        "verificationLevel": "public-map-geometry-only",
        "trafficStatus": "unknown"
      },
      "geometry": {
        "type": "LineString",
        "coordinates": [
          [
            126.6398987,
            36.7849913
          ],
          [
            126.6394579,
            36.7855841
          ],
          [
            126.639415,
            36.7856228
          ],
          [
            126.6393345,
            36.7856443
          ],
          [
            126.6391736,
            36.7856056
          ]
        ]
      }
    },
    {
      "type": "Feature",
      "properties": {
        "osmType": "way",
        "osmId": 1161636620,
        "name": null,
        "highway": "unclassified",
        "bridge": null,
        "layer": null,
        "surface": "asphalt",
        "source": "OpenStreetMap contributors via Overpass API",
        "verificationLevel": "public-map-geometry-only",
        "trafficStatus": "unknown"
      },
      "geometry": {
        "type": "LineString",
        "coordinates": [
          [
            126.6369702,
            36.7808629
          ],
          [
            126.6369916,
            36.7810175
          ],
          [
            126.637056,
            36.7812538
          ],
          [
            126.6370882,
            36.7813054
          ],
          [
            126.6372115,
            36.7824094
          ],
          [
            126.6372008,
            36.7826113
          ],
          [
            126.6372705,
            36.7829851
          ],
          [
            126.6373456,
            36.7831956
          ],
          [
            126.6374744,
            36.7834662
          ],
          [
            126.6375387,
            36.783681
          ],
          [
            126.6375977,
            36.7844543
          ],
          [
            126.6376567,
            36.7845874
          ]
        ]
      }
    },
    {
      "type": "Feature",
      "properties": {
        "osmType": "way",
        "osmId": 1161636621,
        "name": null,
        "highway": "track",
        "bridge": null,
        "layer": null,
        "surface": "concrete",
        "source": "OpenStreetMap contributors via Overpass API",
        "verificationLevel": "public-map-geometry-only",
        "trafficStatus": "unknown"
      },
      "geometry": {
        "type": "LineString",
        "coordinates": [
          [
            126.6418779,
            36.7818853
          ],
          [
            126.6418725,
            36.781765
          ],
          [
            126.6416741,
            36.7815374
          ],
          [
            126.6414059,
            36.7813999
          ],
          [
            126.6412986,
            36.7813612
          ],
          [
            126.6410144,
            36.7813183
          ],
          [
            126.6407247,
            36.7813097
          ],
          [
            126.6402634,
            36.7814214
          ],
          [
            126.6401669,
            36.7814085
          ],
          [
            126.6399416,
            36.7814385
          ],
          [
            126.6398397,
            36.781503
          ],
          [
            126.6388206,
            36.7825297
          ],
          [
            126.638182,
            36.783093
          ]
        ]
      }
    },
    {
      "type": "Feature",
      "properties": {
        "osmType": "way",
        "osmId": 1161636622,
        "name": null,
        "highway": "track",
        "bridge": null,
        "layer": null,
        "surface": "paved",
        "source": "OpenStreetMap contributors via Overpass API",
        "verificationLevel": "public-map-geometry-only",
        "trafficStatus": "unknown"
      },
      "geometry": {
        "type": "LineString",
        "coordinates": [
          [
            126.6370882,
            36.7813054
          ],
          [
            126.637292,
            36.7813183
          ],
          [
            126.6374422,
            36.7813698
          ],
          [
            126.6377854,
            36.7817736
          ],
          [
            126.6378498,
            36.7819197
          ],
          [
            126.638182,
            36.783093
          ],
          [
            126.6386114,
            36.7843211
          ],
          [
            126.638649,
            36.7843812
          ],
          [
            126.6387187,
            36.7844328
          ],
          [
            126.6398987,
            36.7849913
          ],
          [
            126.6407891,
            36.7854123
          ],
          [
            126.6416794,
            36.7858461
          ]
        ]
      }
    },
    {
      "type": "Feature",
      "properties": {
        "osmType": "way",
        "osmId": 1161636623,
        "name": null,
        "highway": "track",
        "bridge": null,
        "layer": null,
        "surface": "concrete",
        "source": "OpenStreetMap contributors via Overpass API",
        "verificationLevel": "public-map-geometry-only",
        "trafficStatus": "unknown"
      },
      "geometry": {
        "type": "LineString",
        "coordinates": [
          [
            126.6408044,
            36.7824953
          ],
          [
            126.6407025,
            36.782796
          ],
          [
            126.6402358,
            36.7831397
          ],
          [
            126.6401607,
            36.7832385
          ]
        ]
      }
    },
    {
      "type": "Feature",
      "properties": {
        "osmType": "way",
        "osmId": 1161636624,
        "name": null,
        "highway": "unclassified",
        "bridge": null,
        "layer": null,
        "surface": "asphalt",
        "source": "OpenStreetMap contributors via Overpass API",
        "verificationLevel": "public-map-geometry-only",
        "trafficStatus": "unknown"
      },
      "geometry": {
        "type": "LineString",
        "coordinates": [
          [
            126.640445,
            36.7837798
          ],
          [
            126.6399023,
            36.7838976
          ],
          [
            126.6397069,
            36.7838884
          ],
          [
            126.6391637,
            36.7837837
          ]
        ]
      }
    },
    {
      "type": "Feature",
      "properties": {
        "osmType": "way",
        "osmId": 1161636625,
        "name": null,
        "highway": "residential",
        "bridge": null,
        "layer": null,
        "surface": null,
        "source": "OpenStreetMap contributors via Overpass API",
        "verificationLevel": "public-map-geometry-only",
        "trafficStatus": "unknown"
      },
      "geometry": {
        "type": "LineString",
        "coordinates": [
          [
            126.6407293,
            36.7839344
          ],
          [
            126.641137,
            36.783913
          ],
          [
            126.641534,
            36.7839731
          ],
          [
            126.6416842,
            36.7840333
          ]
        ]
      }
    },
    {
      "type": "Feature",
      "properties": {
        "osmType": "way",
        "osmId": 1161636626,
        "name": null,
        "highway": "track",
        "bridge": null,
        "layer": null,
        "surface": "concrete",
        "source": "OpenStreetMap contributors via Overpass API",
        "verificationLevel": "public-map-geometry-only",
        "trafficStatus": "unknown"
      },
      "geometry": {
        "type": "LineString",
        "coordinates": [
          [
            126.6408044,
            36.7824953
          ],
          [
            126.6406113,
            36.7822032
          ],
          [
            126.6401124,
            36.7818767
          ],
          [
            126.6400534,
            36.7818166
          ],
          [
            126.6400319,
            36.7817564
          ],
          [
            126.6401669,
            36.7814085
          ],
          [
            126.6401231,
            36.7807469
          ],
          [
            126.6400587,
            36.7805364
          ],
          [
            126.6399309,
            36.7803775
          ],
          [
            126.6399145,
            36.7800344
          ],
          [
            126.6399274,
            36.7797889
          ],
          [
            126.639943,
            36.7796947
          ],
          [
            126.6400092,
            36.7795466
          ],
          [
            126.6400169,
            36.7794788
          ],
          [
            126.6400138,
            36.779385
          ],
          [
            126.6400169,
            36.7792135
          ],
          [
            126.6399984,
            36.7790074
          ],
          [
            126.6399799,
            36.7789198
          ],
          [
            126.6399507,
            36.7788519
          ],
          [
            126.6398921,
            36.7787964
          ],
          [
            126.6398213,
            36.778752
          ],
          [
            126.6397304,
            36.778715
          ],
          [
            126.6395301,
            36.7786471
          ],
          [
            126.6394608,
            36.77871
          ]
        ]
      }
    },
    {
      "type": "Feature",
      "properties": {
        "osmType": "way",
        "osmId": 1161636633,
        "name": null,
        "highway": "track",
        "bridge": null,
        "layer": null,
        "surface": "paved",
        "source": "OpenStreetMap contributors via Overpass API",
        "verificationLevel": "public-map-geometry-only",
        "trafficStatus": "unknown"
      },
      "geometry": {
        "type": "LineString",
        "coordinates": [
          [
            126.6372652,
            36.7803388
          ],
          [
            126.6374314,
            36.7803818
          ],
          [
            126.6375387,
            36.7804505
          ],
          [
            126.6380536,
            36.7809832
          ],
          [
            126.6381287,
            36.7810218
          ],
          [
            126.6383862,
            36.7810863
          ],
          [
            126.6385149,
            36.7810777
          ],
          [
            126.6387455,
            36.7809531
          ],
          [
            126.6389279,
            36.7807684
          ],
          [
            126.6389923,
            36.7807211
          ],
          [
            126.639121,
            36.7805106
          ],
          [
            126.6392068,
            36.7804548
          ],
          [
            126.6394696,
            36.7803903
          ],
          [
            126.6399309,
            36.7803775
          ]
        ]
      }
    },
    {
      "type": "Feature",
      "properties": {
        "osmType": "way",
        "osmId": 1161636634,
        "name": null,
        "highway": "residential",
        "bridge": null,
        "layer": null,
        "surface": null,
        "source": "OpenStreetMap contributors via Overpass API",
        "verificationLevel": "public-map-geometry-only",
        "trafficStatus": "unknown"
      },
      "geometry": {
        "type": "LineString",
        "coordinates": [
          [
            126.6369702,
            36.7808629
          ],
          [
            126.6371525,
            36.780588
          ],
          [
            126.6372652,
            36.7803388
          ]
        ]
      }
    },
    {
      "type": "Feature",
      "properties": {
        "osmType": "way",
        "osmId": 1161636635,
        "name": null,
        "highway": "residential",
        "bridge": null,
        "layer": null,
        "surface": null,
        "source": "OpenStreetMap contributors via Overpass API",
        "verificationLevel": "public-map-geometry-only",
        "trafficStatus": "unknown"
      },
      "geometry": {
        "type": "LineString",
        "coordinates": [
          [
            126.6363104,
            36.7809574
          ],
          [
            126.6365518,
            36.7808758
          ],
          [
            126.6366537,
            36.7808672
          ],
          [
            126.6367556,
            36.7808371
          ],
          [
            126.6369702,
            36.7808629
          ]
        ]
      }
    },
    {
      "type": "Feature",
      "properties": {
        "osmType": "way",
        "osmId": 1161636636,
        "name": null,
        "highway": "unclassified",
        "bridge": null,
        "layer": null,
        "surface": "asphalt",
        "source": "OpenStreetMap contributors via Overpass API",
        "verificationLevel": "public-map-geometry-only",
        "trafficStatus": "unknown"
      },
      "geometry": {
        "type": "LineString",
        "coordinates": [
          [
            126.6372652,
            36.7803388
          ],
          [
            126.6371579,
            36.7799135
          ],
          [
            126.6367395,
            36.7792863
          ],
          [
            126.6366966,
            36.7791402
          ],
          [
            126.6370721,
            36.7783369
          ],
          [
            126.6371633,
            36.7782381
          ],
          [
            126.6373564,
            36.7781264
          ],
          [
            126.6374583,
            36.7780491
          ],
          [
            126.6375763,
            36.7778601
          ],
          [
            126.6377104,
            36.7775808
          ],
          [
            126.6377854,
            36.7774734
          ],
          [
            126.6379624,
            36.7771383
          ],
          [
            126.6385149,
            36.776524
          ],
          [
            126.6383783,
            36.7760458
          ]
        ]
      }
    },
    {
      "type": "Feature",
      "properties": {
        "osmType": "way",
        "osmId": 1161636637,
        "name": null,
        "highway": "residential",
        "bridge": null,
        "layer": null,
        "surface": null,
        "source": "OpenStreetMap contributors via Overpass API",
        "verificationLevel": "public-map-geometry-only",
        "trafficStatus": "unknown"
      },
      "geometry": {
        "type": "LineString",
        "coordinates": [
          [
            126.6385149,
            36.776524
          ],
          [
            126.6385769,
            36.7765465
          ],
          [
            126.6386252,
            36.7766239
          ],
          [
            126.638652,
            36.7767484
          ]
        ]
      }
    },
    {
      "type": "Feature",
      "properties": {
        "osmType": "way",
        "osmId": 1161657800,
        "name": null,
        "highway": "track",
        "bridge": null,
        "layer": null,
        "surface": "unpaved",
        "source": "OpenStreetMap contributors via Overpass API",
        "verificationLevel": "public-map-geometry-only",
        "trafficStatus": "unknown"
      },
      "geometry": {
        "type": "LineString",
        "coordinates": [
          [
            126.6410276,
            36.7867361
          ],
          [
            126.641646,
            36.7868295
          ],
          [
            126.641721,
            36.7868819
          ],
          [
            126.6417749,
            36.7869481
          ],
          [
            126.6418153,
            36.7870159
          ],
          [
            126.6424928,
            36.7870369
          ],
          [
            126.6425614,
            36.787039
          ],
          [
            126.642896,
            36.7870621
          ],
          [
            126.6430922,
            36.7870821
          ],
          [
            126.6435595,
            36.7870821
          ]
        ]
      }
    },
    {
      "type": "Feature",
      "properties": {
        "osmType": "way",
        "osmId": 1161657801,
        "name": null,
        "highway": "track",
        "bridge": null,
        "layer": null,
        "surface": "unpaved",
        "source": "OpenStreetMap contributors via Overpass API",
        "verificationLevel": "public-map-geometry-only",
        "trafficStatus": "unknown"
      },
      "geometry": {
        "type": "LineString",
        "coordinates": [
          [
            126.6424928,
            36.7870369
          ],
          [
            126.6425973,
            36.7869753
          ],
          [
            126.6429584,
            36.786919
          ],
          [
            126.6431492,
            36.7868753
          ],
          [
            126.643315,
            36.7868153
          ],
          [
            126.6434513,
            36.7867171
          ],
          [
            126.6435943,
            36.7866934
          ],
          [
            126.6437783,
            36.7866934
          ],
          [
            126.6440486,
            36.7867189
          ],
          [
            126.644362,
            36.7867825
          ],
          [
            126.6449661,
            36.7868844
          ],
          [
            126.6451751,
            36.7869572
          ],
          [
            126.6452114,
            36.7872991
          ],
          [
            126.6452917,
            36.78741
          ],
          [
            126.6453431,
            36.787481
          ],
          [
            126.645409,
            36.7876065
          ],
          [
            126.6454612,
            36.787792
          ],
          [
            126.6454635,
            36.7880194
          ]
        ]
      }
    },
    {
      "type": "Feature",
      "properties": {
        "osmType": "way",
        "osmId": 1162489439,
        "name": null,
        "highway": "residential",
        "bridge": null,
        "layer": null,
        "surface": null,
        "source": "OpenStreetMap contributors via Overpass API",
        "verificationLevel": "public-map-geometry-only",
        "trafficStatus": "unknown"
      },
      "geometry": {
        "type": "LineString",
        "coordinates": [
          [
            126.5945441,
            36.7920904
          ],
          [
            126.5946085,
            36.7920698
          ],
          [
            126.5951662,
            36.7919668
          ],
          [
            126.5953432,
            36.7919711
          ],
          [
            126.5956167,
            36.7920655
          ],
          [
            126.595724,
            36.7921299
          ],
          [
            126.5960833,
            36.7924862
          ],
          [
            126.5961906,
            36.7925421
          ],
          [
            126.596271,
            36.7925549
          ],
          [
            126.5968288,
            36.7925463
          ],
          [
            126.5970541,
            36.7926107
          ],
          [
            126.5972525,
            36.7927309
          ],
          [
            126.5973705,
            36.7927782
          ],
          [
            126.5976118,
            36.7928082
          ],
          [
            126.5982072,
            36.7928426
          ],
          [
            126.5984056,
            36.7928812
          ],
          [
            126.5985182,
            36.7929671
          ],
          [
            126.5986362,
            36.7931345
          ],
          [
            126.5987328,
            36.7933019
          ],
          [
            126.5988668,
            36.7936368
          ],
          [
            126.5989366,
            36.7937398
          ],
          [
            126.5990063,
            36.7938042
          ],
          [
            126.5994568,
            36.7941348
          ],
          [
            126.5999556,
            36.7944396
          ],
          [
            126.6002291,
            36.7946285
          ],
          [
            126.6004436,
            36.7947143
          ],
          [
            126.6007815,
            36.7947959
          ],
          [
            126.600878,
            36.7948002
          ],
          [
            126.6009531,
            36.7947873
          ],
          [
            126.6010282,
            36.7947444
          ],
          [
            126.6010604,
            36.7946843
          ],
          [
            126.6010872,
            36.7943924
          ],
          [
            126.6011408,
            36.7942636
          ],
          [
            126.6012749,
            36.7940747
          ],
          [
            126.6016074,
            36.7936969
          ],
          [
            126.6016986,
            36.7936368
          ],
          [
            126.6018541,
            36.793581
          ],
          [
            126.60231,
            36.7934608
          ],
          [
            126.6026586,
            36.7933449
          ],
          [
            126.6030233,
            36.793259
          ],
          [
            126.6035489,
            36.7932762
          ],
          [
            126.6041549,
            36.793405
          ],
          [
            126.6046215,
            36.7936883
          ],
          [
            126.6047234,
            36.7938085
          ],
          [
            126.6047503,
            36.7938729
          ],
          [
            126.6050077,
            36.7942078
          ],
          [
            126.6050989,
            36.7942593
          ],
          [
            126.6052544,
            36.7943065
          ]
        ]
      }
    },
    {
      "type": "Feature",
      "properties": {
        "osmType": "way",
        "osmId": 1162489440,
        "name": null,
        "highway": "residential",
        "bridge": null,
        "layer": null,
        "surface": null,
        "source": "OpenStreetMap contributors via Overpass API",
        "verificationLevel": "public-map-geometry-only",
        "trafficStatus": "unknown"
      },
      "geometry": {
        "type": "LineString",
        "coordinates": [
          [
            126.6048577,
            36.7930678
          ],
          [
            126.604906,
            36.7930978
          ],
          [
            126.6054584,
            36.7931451
          ],
          [
            126.6058017,
            36.7931365
          ],
          [
            126.6058768,
            36.7931494
          ],
          [
            126.6064614,
            36.7929217
          ]
        ]
      }
    },
    {
      "type": "Feature",
      "properties": {
        "osmType": "way",
        "osmId": 1162489441,
        "name": null,
        "highway": "residential",
        "bridge": null,
        "layer": null,
        "surface": null,
        "source": "OpenStreetMap contributors via Overpass API",
        "verificationLevel": "public-map-geometry-only",
        "trafficStatus": "unknown"
      },
      "geometry": {
        "type": "LineString",
        "coordinates": [
          [
            126.6041549,
            36.793405
          ],
          [
            126.6042839,
            36.7933169
          ],
          [
            126.6043107,
            36.7932826
          ],
          [
            126.6046432,
            36.7931322
          ],
          [
            126.6048577,
            36.7930678
          ],
          [
            126.604965,
            36.7929732
          ],
          [
            126.605201,
            36.7928529
          ],
          [
            126.6064399,
            36.792376
          ]
        ]
      }
    },
    {
      "type": "Feature",
      "properties": {
        "osmType": "way",
        "osmId": 1162489442,
        "name": null,
        "highway": "residential",
        "bridge": null,
        "layer": null,
        "surface": null,
        "source": "OpenStreetMap contributors via Overpass API",
        "verificationLevel": "public-map-geometry-only",
        "trafficStatus": "unknown"
      },
      "geometry": {
        "type": "LineString",
        "coordinates": [
          [
            126.6043107,
            36.7932826
          ],
          [
            126.6041122,
            36.7928873
          ],
          [
            126.6038387,
            36.7926252
          ],
          [
            126.6038065,
            36.7925737
          ],
          [
            126.603828,
            36.7924963
          ],
          [
            126.6039299,
            36.7924061
          ],
          [
            126.6045091,
            36.7920023
          ],
          [
            126.6049757,
            36.7918261
          ],
          [
            126.6051795,
            36.7912418
          ]
        ]
      }
    },
    {
      "type": "Feature",
      "properties": {
        "osmType": "way",
        "osmId": 1162489443,
        "name": null,
        "highway": "residential",
        "bridge": null,
        "layer": null,
        "surface": null,
        "source": "OpenStreetMap contributors via Overpass API",
        "verificationLevel": "public-map-geometry-only",
        "trafficStatus": "unknown"
      },
      "geometry": {
        "type": "LineString",
        "coordinates": [
          [
            126.6064399,
            36.792376
          ],
          [
            126.6069172,
            36.7921857
          ]
        ]
      }
    },
    {
      "type": "Feature",
      "properties": {
        "osmType": "way",
        "osmId": 1162489444,
        "name": null,
        "highway": "residential",
        "bridge": null,
        "layer": null,
        "surface": null,
        "source": "OpenStreetMap contributors via Overpass API",
        "verificationLevel": "public-map-geometry-only",
        "trafficStatus": "unknown"
      },
      "geometry": {
        "type": "LineString",
        "coordinates": [
          [
            126.5960209,
            36.7876363
          ],
          [
            126.5960274,
            36.7876548
          ],
          [
            126.5961132,
            36.7876978
          ],
          [
            126.5964725,
            36.7877407
          ],
          [
            126.5969069,
            36.7878181
          ],
          [
            126.5969972,
            36.7877705
          ],
          [
            126.5973279,
            36.7878095
          ],
          [
            126.5976081,
            36.7878922
          ]
        ]
      }
    },
    {
      "type": "Feature",
      "properties": {
        "osmType": "way",
        "osmId": 1162489445,
        "name": null,
        "highway": "residential",
        "bridge": null,
        "layer": null,
        "surface": null,
        "source": "OpenStreetMap contributors via Overpass API",
        "verificationLevel": "public-map-geometry-only",
        "trafficStatus": "unknown"
      },
      "geometry": {
        "type": "LineString",
        "coordinates": [
          [
            126.5960497,
            36.7874701
          ],
          [
            126.5964618,
            36.7875216
          ],
          [
            126.5971214,
            36.7871736
          ],
          [
            126.5973359,
            36.7871006
          ],
          [
            126.5975397,
            36.7870834
          ],
          [
            126.597958,
            36.7870834
          ],
          [
            126.5983227,
            36.7871349
          ],
          [
            126.5985801,
            36.7869803
          ],
          [
            126.5986981,
            36.7869287
          ],
          [
            126.5988697,
            36.7869201
          ],
          [
            126.5993523,
            36.7869888
          ],
          [
            126.5997813,
            36.7871349
          ],
          [
            126.6004248,
            36.7872123
          ],
          [
            126.6007788,
            36.7872896
          ]
        ]
      }
    },
    {
      "type": "Feature",
      "properties": {
        "osmType": "way",
        "osmId": 1162489449,
        "name": null,
        "highway": "residential",
        "bridge": null,
        "layer": null,
        "surface": null,
        "source": "OpenStreetMap contributors via Overpass API",
        "verificationLevel": "public-map-geometry-only",
        "trafficStatus": "unknown"
      },
      "geometry": {
        "type": "LineString",
        "coordinates": [
          [
            126.59761,
            36.78168
          ],
          [
            126.5975622,
            36.7814909
          ],
          [
            126.597573,
            36.7811474
          ],
          [
            126.5974711,
            36.7809542
          ]
        ]
      }
    },
    {
      "type": "Feature",
      "properties": {
        "osmType": "way",
        "osmId": 1162489450,
        "name": null,
        "highway": "residential",
        "bridge": null,
        "layer": null,
        "surface": null,
        "source": "OpenStreetMap contributors via Overpass API",
        "verificationLevel": "public-map-geometry-only",
        "trafficStatus": "unknown"
      },
      "geometry": {
        "type": "LineString",
        "coordinates": [
          [
            126.6081512,
            36.7803259
          ],
          [
            126.6076953,
            36.7800617
          ],
          [
            126.6075826,
            36.7798791
          ],
          [
            126.6072982,
            36.7796729
          ],
          [
            126.60725,
            36.7795741
          ],
          [
            126.6072875,
            36.7794753
          ],
          [
            126.6073787,
            36.7794281
          ],
          [
            126.6085696,
            36.7793421
          ]
        ]
      }
    },
    {
      "type": "Feature",
      "properties": {
        "osmType": "way",
        "osmId": 1162489451,
        "name": null,
        "highway": "track",
        "bridge": null,
        "layer": null,
        "surface": "unpaved",
        "source": "OpenStreetMap contributors via Overpass API",
        "verificationLevel": "public-map-geometry-only",
        "trafficStatus": "unknown"
      },
      "geometry": {
        "type": "LineString",
        "coordinates": [
          [
            126.6103815,
            36.7901151
          ],
          [
            126.6102768,
            36.7900807
          ],
          [
            126.6101696,
            36.7900077
          ],
          [
            126.6101429,
            36.7899728
          ],
          [
            126.6101105,
            36.7899303
          ],
          [
            126.6100784,
            36.7898036
          ],
          [
            126.6100958,
            36.7897274
          ],
          [
            126.6101307,
            36.7896328
          ],
          [
            126.6102245,
            36.7895512
          ],
          [
            126.6104512,
            36.7894406
          ],
          [
            126.6108052,
            36.7892956
          ],
          [
            126.6110104,
            36.7891614
          ],
          [
            126.6110989,
            36.7890722
          ],
          [
            126.6111861,
            36.7888982
          ],
          [
            126.6113511,
            36.7885545
          ],
          [
            126.6113776,
            36.7884606
          ],
          [
            126.6112664,
            36.7880675
          ],
          [
            126.6110721,
            36.7878693
          ],
          [
            126.6110077,
            36.7876609
          ],
          [
            126.6106282,
            36.7870622
          ],
          [
            126.6105638,
            36.7869484
          ],
          [
            126.6105907,
            36.7867808
          ],
          [
            126.6104915,
            36.7866455
          ],
          [
            126.6104057,
            36.7865037
          ],
          [
            126.6102072,
            36.7862545
          ],
          [
            126.6101429,
            36.7861428
          ],
          [
            126.6101053,
            36.7859581
          ],
          [
            126.6101214,
            36.7858464
          ],
          [
            126.6102126,
            36.785623
          ],
          [
            126.610218,
            36.7854941
          ],
          [
            126.6102099,
            36.7853588
          ],
          [
            126.6101455,
            36.7852062
          ],
          [
            126.6099793,
            36.7849528
          ],
          [
            126.609738,
            36.7847036
          ],
          [
            126.6095771,
            36.7845618
          ],
          [
            126.6094699,
            36.7844673
          ],
          [
            126.6093518,
            36.7842568
          ],
          [
            126.6092232,
            36.7840613
          ],
          [
            126.6090033,
            36.7838014
          ],
          [
            126.6087995,
            36.7836296
          ],
          [
            126.6084054,
            36.7833718
          ],
          [
            126.608341,
            36.7832945
          ],
          [
            126.6082874,
            36.7831913
          ],
          [
            126.6082445,
            36.7830539
          ],
          [
            126.6082016,
            36.7825126
          ],
          [
            126.6081346,
            36.7822247
          ],
          [
            126.6080648,
            36.7821001
          ],
          [
            126.6079147,
            36.7819583
          ],
          [
            126.6075366,
            36.7817006
          ],
          [
            126.6071612,
            36.7815889
          ],
          [
            126.6066866,
            36.781503
          ],
          [
            126.6064757,
            36.7813966
          ],
          [
            126.6062205,
            36.7812465
          ],
          [
            126.6061089,
            36.7810805
          ],
          [
            126.6061089,
            36.7809591
          ],
          [
            126.6061926,
            36.7807675
          ],
          [
            126.606376,
            36.7803906
          ],
          [
            126.606376,
            36.7800361
          ],
          [
            126.6064598,
            36.7797966
          ],
          [
            126.6064717,
            36.7796274
          ],
          [
            126.6064717,
            36.7792888
          ],
          [
            126.6065839,
            36.7791118
          ],
          [
            126.6067281,
            36.7791014
          ],
          [
            126.6068552,
            36.7791104
          ],
          [
            126.6071846,
            36.7791104
          ],
          [
            126.607663,
            36.7790887
          ],
          [
            126.608119,
            36.7791273
          ],
          [
            126.6082718,
            36.7791616
          ],
          [
            126.6084574,
            36.7792137
          ],
          [
            126.6085323,
            36.7792672
          ],
          [
            126.6085696,
            36.7793421
          ]
        ]
      }
    },
    {
      "type": "Feature",
      "properties": {
        "osmType": "way",
        "osmId": 1162489452,
        "name": null,
        "highway": "residential",
        "bridge": null,
        "layer": null,
        "surface": "asphalt",
        "source": "OpenStreetMap contributors via Overpass API",
        "verificationLevel": "public-map-geometry-only",
        "trafficStatus": "unknown"
      },
      "geometry": {
        "type": "LineString",
        "coordinates": [
          [
            126.6085696,
            36.7793421
          ],
          [
            126.6088336,
            36.7794276
          ],
          [
            126.6091185,
            36.7795972
          ],
          [
            126.6092992,
            36.7797459
          ],
          [
            126.6096318,
            36.7800638
          ],
          [
            126.6097391,
            36.7801455
          ],
          [
            126.6099483,
            36.7802056
          ],
          [
            126.6105598,
            36.7800982
          ],
          [
            126.6113645,
            36.7799092
          ],
          [
            126.6115952,
            36.7797803
          ],
          [
            126.611858,
            36.7795698
          ],
          [
            126.61255,
            36.7789555
          ],
          [
            126.6128719,
            36.7784787
          ],
          [
            126.6130811,
            36.7778901
          ],
          [
            126.6132313,
            36.7777011
          ],
          [
            126.6132796,
            36.777598
          ],
          [
            126.6132992,
            36.777534
          ],
          [
            126.6132913,
            36.777456
          ]
        ]
      }
    },
    {
      "type": "Feature",
      "properties": {
        "osmType": "way",
        "osmId": 1162489453,
        "name": null,
        "highway": "residential",
        "bridge": null,
        "layer": null,
        "surface": "asphalt",
        "source": "OpenStreetMap contributors via Overpass API",
        "verificationLevel": "public-map-geometry-only",
        "trafficStatus": "unknown"
      },
      "geometry": {
        "type": "LineString",
        "coordinates": [
          [
            126.6130811,
            36.7778901
          ],
          [
            126.6128391,
            36.7778667
          ]
        ]
      }
    },
    {
      "type": "Feature",
      "properties": {
        "osmType": "way",
        "osmId": 1162489454,
        "name": null,
        "highway": "residential",
        "bridge": null,
        "layer": null,
        "surface": "asphalt",
        "source": "OpenStreetMap contributors via Overpass API",
        "verificationLevel": "public-map-geometry-only",
        "trafficStatus": "unknown"
      },
      "geometry": {
        "type": "LineString",
        "coordinates": [
          [
            126.6126283,
            36.7778079
          ],
          [
            126.6125164,
            36.7777156
          ]
        ]
      }
    },
    {
      "type": "Feature",
      "properties": {
        "osmType": "way",
        "osmId": 1162489455,
        "name": null,
        "highway": "residential",
        "bridge": "yes",
        "layer": "1",
        "surface": "asphalt",
        "source": "OpenStreetMap contributors via Overpass API",
        "verificationLevel": "public-map-geometry-only",
        "trafficStatus": "unknown"
      },
      "geometry": {
        "type": "LineString",
        "coordinates": [
          [
            126.6128391,
            36.7778667
          ],
          [
            126.6126283,
            36.7778079
          ]
        ]
      }
    },
    {
      "type": "Feature",
      "properties": {
        "osmType": "way",
        "osmId": 1162489456,
        "name": null,
        "highway": "residential",
        "bridge": null,
        "layer": null,
        "surface": null,
        "source": "OpenStreetMap contributors via Overpass API",
        "verificationLevel": "public-map-geometry-only",
        "trafficStatus": "unknown"
      },
      "geometry": {
        "type": "LineString",
        "coordinates": [
          [
            126.6105598,
            36.7800982
          ],
          [
            126.6105866,
            36.7801541
          ],
          [
            126.6107637,
            36.7803259
          ],
          [
            126.6108441,
            36.7804677
          ],
          [
            126.6107959,
            36.7806352
          ],
          [
            126.6107261,
            36.7807426
          ]
        ]
      }
    },
    {
      "type": "Feature",
      "properties": {
        "osmType": "way",
        "osmId": 1162489457,
        "name": null,
        "highway": "track",
        "bridge": null,
        "layer": null,
        "surface": "concrete",
        "source": "OpenStreetMap contributors via Overpass API",
        "verificationLevel": "public-map-geometry-only",
        "trafficStatus": "unknown"
      },
      "geometry": {
        "type": "LineString",
        "coordinates": [
          [
            126.6094092,
            36.778718
          ],
          [
            126.6093589,
            36.7787832
          ],
          [
            126.6092702,
            36.7789901
          ],
          [
            126.609265,
            36.7791238
          ],
          [
            126.6094867,
            36.7792095
          ],
          [
            126.6095415,
            36.779245
          ],
          [
            126.6095233,
            36.7793411
          ],
          [
            126.6096276,
            36.7794164
          ],
          [
            126.6097685,
            36.7795355
          ],
          [
            126.6099172,
            36.7796295
          ],
          [
            126.6101129,
            36.7796504
          ],
          [
            126.6103659,
            36.7796211
          ],
          [
            126.6109492,
            36.7793038
          ],
          [
            126.6113593,
            36.7790449
          ],
          [
            126.6115501,
            36.7788793
          ],
          [
            126.6121474,
            36.7782627
          ],
          [
            126.6123836,
            36.7780298
          ],
          [
            126.6124857,
            36.7778974
          ],
          [
            126.6125116,
            36.7778175
          ],
          [
            126.6125164,
            36.7777156
          ]
        ]
      }
    },
    {
      "type": "Feature",
      "properties": {
        "osmType": "way",
        "osmId": 1162500365,
        "name": null,
        "highway": "residential",
        "bridge": null,
        "layer": null,
        "surface": null,
        "source": "OpenStreetMap contributors via Overpass API",
        "verificationLevel": "public-map-geometry-only",
        "trafficStatus": "unknown"
      },
      "geometry": {
        "type": "LineString",
        "coordinates": [
          [
            126.6239612,
            36.7825769
          ],
          [
            126.6254087,
            36.7830151
          ],
          [
            126.6258751,
            36.7830968
          ],
          [
            126.6264434,
            36.7831397
          ],
          [
            126.6268186,
            36.7832171
          ],
          [
            126.6270545,
            36.783303
          ],
          [
            126.62721,
            36.7833889
          ],
          [
            126.6275853,
            36.7837326
          ],
          [
            126.6278325,
            36.7838315
          ]
        ]
      }
    },
    {
      "type": "Feature",
      "properties": {
        "osmType": "way",
        "osmId": 1162500366,
        "name": null,
        "highway": "path",
        "bridge": null,
        "layer": null,
        "surface": null,
        "source": "OpenStreetMap contributors via Overpass API",
        "verificationLevel": "public-map-geometry-only",
        "trafficStatus": "unknown"
      },
      "geometry": {
        "type": "LineString",
        "coordinates": [
          [
            126.6321132,
            36.7842266
          ],
          [
            126.6319256,
            36.7838098
          ],
          [
            126.631754,
            36.7835606
          ],
          [
            126.6316736,
            36.7832083
          ],
          [
            126.6316146,
            36.7830665
          ],
          [
            126.631502,
            36.7827829
          ],
          [
            126.6314216,
            36.782697
          ],
          [
            126.6309122,
            36.7824736
          ],
          [
            126.6309283,
            36.7824435
          ],
          [
            126.6307889,
            36.782349
          ],
          [
            126.6306924,
            36.7821041
          ],
          [
            126.630628,
            36.7820224
          ],
          [
            126.6304993,
            36.781915
          ],
          [
            126.6304457,
            36.7818334
          ],
          [
            126.630435,
            36.7817346
          ],
          [
            126.6305208,
            36.7815584
          ],
          [
            126.630553,
            36.781451
          ],
          [
            126.6305422,
            36.7813307
          ],
          [
            126.6304618,
            36.7812619
          ],
          [
            126.6303492,
            36.7812147
          ],
          [
            126.6299203,
            36.7808924
          ],
          [
            126.6297594,
            36.7806862
          ],
          [
            126.6296951,
            36.7802608
          ],
          [
            126.6296951,
            36.7801491
          ],
          [
            126.6297112,
            36.7801105
          ],
          [
            126.6298023,
            36.7800245
          ],
          [
            126.6300543,
            36.7799214
          ],
          [
            126.6301616,
            36.7798355
          ],
          [
            126.6303224,
            36.7795863
          ],
          [
            126.6305101,
            36.7793414
          ],
          [
            126.6305905,
            36.7791351
          ],
          [
            126.630569,
            36.7789976
          ],
          [
            126.6304725,
            36.7786883
          ],
          [
            126.6303975,
            36.7785637
          ],
          [
            126.6303331,
            36.7783446
          ],
          [
            126.6301991,
            36.7781512
          ],
          [
            126.6301562,
            36.7779493
          ],
          [
            126.6301079,
            36.7778719
          ],
          [
            126.6291697,
            36.7772189
          ],
          [
            126.6291053,
            36.7771372
          ],
          [
            126.6290517,
            36.7770298
          ],
          [
            126.6289445,
            36.7766603
          ],
          [
            126.6288426,
            36.77654
          ],
          [
            126.6285531,
            36.7764068
          ],
          [
            126.6284244,
            36.7763037
          ],
          [
            126.628226,
            36.7761018
          ],
          [
            126.6280544,
            36.7760115
          ],
          [
            126.6277863,
            36.7760932
          ],
          [
            126.6275612,
            36.776109
          ]
        ]
      }
    },
    {
      "type": "Feature",
      "properties": {
        "osmType": "way",
        "osmId": 1162500367,
        "name": null,
        "highway": "residential",
        "bridge": null,
        "layer": null,
        "surface": null,
        "source": "OpenStreetMap contributors via Overpass API",
        "verificationLevel": "public-map-geometry-only",
        "trafficStatus": "unknown"
      },
      "geometry": {
        "type": "LineString",
        "coordinates": [
          [
            126.6278212,
            36.7763709
          ],
          [
            126.6276993,
            36.7763658
          ],
          [
            126.6276375,
            36.7763442
          ],
          [
            126.6275963,
            36.7762732
          ],
          [
            126.6275612,
            36.776109
          ],
          [
            126.6275452,
            36.7760747
          ],
          [
            126.6275666,
            36.775761
          ],
          [
            126.6275559,
            36.7755892
          ],
          [
            126.6275344,
            36.775529
          ],
          [
            126.6274671,
            36.775418
          ]
        ]
      }
    },
    {
      "type": "Feature",
      "properties": {
        "osmType": "way",
        "osmId": 1162500368,
        "name": null,
        "highway": "residential",
        "bridge": null,
        "layer": null,
        "surface": null,
        "source": "OpenStreetMap contributors via Overpass API",
        "verificationLevel": "public-map-geometry-only",
        "trafficStatus": "unknown"
      },
      "geometry": {
        "type": "LineString",
        "coordinates": [
          [
            126.6186186,
            36.7717383
          ],
          [
            126.6191322,
            36.7716083
          ],
          [
            126.6192019,
            36.7715911
          ],
          [
            126.6200495,
            36.7714192
          ],
          [
            126.6205383,
            36.7713318
          ],
          [
            126.6210151,
            36.7711828
          ],
          [
            126.6213906,
            36.771157
          ],
          [
            126.6217339,
            36.7711527
          ],
          [
            126.622265,
            36.7710582
          ],
          [
            126.6224474,
            36.7710883
          ],
          [
            126.6225922,
            36.7711613
          ],
          [
            126.6231179,
            36.7712
          ],
          [
            126.6235846,
            36.7714622
          ],
          [
            126.623826,
            36.7716169
          ],
          [
            126.6239655,
            36.7717287
          ],
          [
            126.6244161,
            36.7721971
          ],
          [
            126.6247111,
            36.7723433
          ],
          [
            126.6250867,
            36.772455
          ],
          [
            126.6254032,
            36.7726312
          ],
          [
            126.6255373,
            36.7727559
          ],
          [
            126.6258323,
            36.7730868
          ],
          [
            126.6264654,
            36.7736935
          ],
          [
            126.6265565,
            36.7737916
          ],
          [
            126.6266488,
            36.7740968
          ],
          [
            126.6267453,
            36.7743975
          ],
          [
            126.6268687,
            36.7745651
          ],
          [
            126.6271529,
            36.7747884
          ],
          [
            126.6275981,
            36.7748701
          ],
          [
            126.6276006,
            36.7748744
          ],
          [
            126.6282203,
            36.7750376
          ],
          [
            126.6285742,
            36.7750806
          ],
          [
            126.6287405,
            36.7752094
          ],
          [
            126.628896,
            36.7752739
          ],
          [
            126.6296898,
            36.7752868
          ],
          [
            126.6299848,
            36.7753083
          ],
          [
            126.630076,
            36.7753469
          ],
          [
            126.6302154,
            36.7753813
          ],
          [
            126.6304997,
            36.7754071
          ],
          [
            126.6305426,
            36.7754328
          ],
          [
            126.6306874,
            36.7755918
          ],
          [
            126.6308859,
            36.775798
          ],
          [
            126.6309288,
            36.7758796
          ],
          [
            126.6309395,
            36.7759612
          ],
          [
            126.6309073,
            36.7759999
          ],
          [
            126.6308483,
            36.7760257
          ],
          [
            126.6308376,
            36.7760514
          ],
          [
            126.6308805,
            36.7762018
          ],
          [
            126.6309931,
            36.7766013
          ],
          [
            126.6309931,
            36.7766615
          ],
          [
            126.6309663,
            36.7767216
          ],
          [
            126.630902,
            36.7767861
          ],
          [
            126.6306338,
            36.7770008
          ]
        ]
      }
    },
    {
      "type": "Feature",
      "properties": {
        "osmType": "way",
        "osmId": 1162500369,
        "name": null,
        "highway": "residential",
        "bridge": null,
        "layer": null,
        "surface": null,
        "source": "OpenStreetMap contributors via Overpass API",
        "verificationLevel": "public-map-geometry-only",
        "trafficStatus": "unknown"
      },
      "geometry": {
        "type": "LineString",
        "coordinates": [
          [
            126.6264654,
            36.7736935
          ],
          [
            126.6264117,
            36.7737401
          ],
          [
            126.6260361,
            36.7739979
          ],
          [
            126.625902,
            36.7740667
          ]
        ]
      }
    },
    {
      "type": "Feature",
      "properties": {
        "osmType": "way",
        "osmId": 1162500370,
        "name": null,
        "highway": "service",
        "bridge": null,
        "layer": null,
        "surface": null,
        "source": "OpenStreetMap contributors via Overpass API",
        "verificationLevel": "public-map-geometry-only",
        "trafficStatus": "unknown"
      },
      "geometry": {
        "type": "LineString",
        "coordinates": [
          [
            126.6189981,
            36.7725023
          ],
          [
            126.6187835,
            36.7724851
          ],
          [
            126.6187567,
            36.7724163
          ],
          [
            126.6188586,
            36.7720725
          ],
          [
            126.6190946,
            36.771794
          ]
        ]
      }
    },
    {
      "type": "Feature",
      "properties": {
        "osmType": "way",
        "osmId": 1162500371,
        "name": null,
        "highway": "residential",
        "bridge": null,
        "layer": null,
        "surface": null,
        "source": "OpenStreetMap contributors via Overpass API",
        "verificationLevel": "public-map-geometry-only",
        "trafficStatus": "unknown"
      },
      "geometry": {
        "type": "LineString",
        "coordinates": [
          [
            126.617201,
            36.7727252
          ],
          [
            126.6176892,
            36.7728848
          ],
          [
            126.6178447,
            36.7728977
          ]
        ]
      }
    },
    {
      "type": "Feature",
      "properties": {
        "osmType": "way",
        "osmId": 1162500372,
        "name": null,
        "highway": "residential",
        "bridge": null,
        "layer": null,
        "surface": null,
        "source": "OpenStreetMap contributors via Overpass API",
        "verificationLevel": "public-map-geometry-only",
        "trafficStatus": "unknown"
      },
      "geometry": {
        "type": "LineString",
        "coordinates": [
          [
            126.6168687,
            36.7730504
          ],
          [
            126.6171797,
            36.7732291
          ],
          [
            126.617287,
            36.773547
          ],
          [
            126.6172494,
            36.7736887
          ],
          [
            126.6169491,
            36.7740925
          ],
          [
            126.6167326,
            36.7745307
          ],
          [
            126.6166039,
            36.7746209
          ],
          [
            126.6163679,
            36.7747799
          ],
          [
            126.6160515,
            36.7754285
          ]
        ]
      }
    },
    {
      "type": "Feature",
      "properties": {
        "osmType": "way",
        "osmId": 1162500373,
        "name": null,
        "highway": "residential",
        "bridge": null,
        "layer": null,
        "surface": null,
        "source": "OpenStreetMap contributors via Overpass API",
        "verificationLevel": "public-map-geometry-only",
        "trafficStatus": "unknown"
      },
      "geometry": {
        "type": "LineString",
        "coordinates": [
          [
            126.6141667,
            36.7762662
          ],
          [
            126.6146301,
            36.7765369
          ]
        ]
      }
    },
    {
      "type": "Feature",
      "properties": {
        "osmType": "way",
        "osmId": 1162500374,
        "name": null,
        "highway": "residential",
        "bridge": null,
        "layer": null,
        "surface": null,
        "source": "OpenStreetMap contributors via Overpass API",
        "verificationLevel": "public-map-geometry-only",
        "trafficStatus": "unknown"
      },
      "geometry": {
        "type": "LineString",
        "coordinates": [
          [
            126.6136501,
            36.7769288
          ],
          [
            126.6138208,
            36.7769824
          ],
          [
            126.6144189,
            36.7771701
          ],
          [
            126.614514,
            36.7771873
          ],
          [
            126.6148709,
            36.7772517
          ],
          [
            126.6148038,
            36.7773795
          ]
        ]
      }
    },
    {
      "type": "Feature",
      "properties": {
        "osmType": "way",
        "osmId": 1162500375,
        "name": null,
        "highway": "residential",
        "bridge": null,
        "layer": null,
        "surface": null,
        "source": "OpenStreetMap contributors via Overpass API",
        "verificationLevel": "public-map-geometry-only",
        "trafficStatus": "unknown"
      },
      "geometry": {
        "type": "LineString",
        "coordinates": [
          [
            126.614514,
            36.7771873
          ],
          [
            126.6149553,
            36.7768929
          ],
          [
            126.6150278,
            36.7767973
          ]
        ]
      }
    },
    {
      "type": "Feature",
      "properties": {
        "osmType": "way",
        "osmId": 1162500376,
        "name": null,
        "highway": "residential",
        "bridge": null,
        "layer": null,
        "surface": null,
        "source": "OpenStreetMap contributors via Overpass API",
        "verificationLevel": "public-map-geometry-only",
        "trafficStatus": "unknown"
      },
      "geometry": {
        "type": "LineString",
        "coordinates": [
          [
            126.6138208,
            36.7769824
          ],
          [
            126.613924,
            36.7772088
          ]
        ]
      }
    },
    {
      "type": "Feature",
      "properties": {
        "osmType": "way",
        "osmId": 1162500377,
        "name": null,
        "highway": "residential",
        "bridge": null,
        "layer": null,
        "surface": null,
        "source": "OpenStreetMap contributors via Overpass API",
        "verificationLevel": "public-map-geometry-only",
        "trafficStatus": "unknown"
      },
      "geometry": {
        "type": "LineString",
        "coordinates": [
          [
            126.6213319,
            36.772001
          ],
          [
            126.6212608,
            36.7719047
          ],
          [
            126.621305,
            36.7718331
          ],
          [
            126.6212713,
            36.7718038
          ],
          [
            126.6211877,
            36.771783
          ],
          [
            126.6208444,
            36.771793
          ],
          [
            126.6207935,
            36.771793
          ],
          [
            126.6207473,
            36.7717869
          ],
          [
            126.6207127,
            36.7717668
          ],
          [
            126.6206942,
            36.7717388
          ],
          [
            126.6206262,
            36.7715433
          ],
          [
            126.6206087,
            36.771493
          ],
          [
            126.6205383,
            36.7713318
          ]
        ]
      }
    },
    {
      "type": "Feature",
      "properties": {
        "osmType": "way",
        "osmId": 1162500378,
        "name": null,
        "highway": "residential",
        "bridge": null,
        "layer": null,
        "surface": null,
        "source": "OpenStreetMap contributors via Overpass API",
        "verificationLevel": "public-map-geometry-only",
        "trafficStatus": "unknown"
      },
      "geometry": {
        "type": "LineString",
        "coordinates": [
          [
            126.6206262,
            36.7715433
          ],
          [
            126.6209079,
            36.7714541
          ]
        ]
      }
    },
    {
      "type": "Feature",
      "properties": {
        "osmType": "way",
        "osmId": 1162500379,
        "name": null,
        "highway": "residential",
        "bridge": null,
        "layer": null,
        "surface": null,
        "source": "OpenStreetMap contributors via Overpass API",
        "verificationLevel": "public-map-geometry-only",
        "trafficStatus": "unknown"
      },
      "geometry": {
        "type": "LineString",
        "coordinates": [
          [
            126.622265,
            36.7710582
          ],
          [
            126.622383,
            36.7712215
          ],
          [
            126.6226459,
            36.7714794
          ],
          [
            126.6227424,
            36.7716771
          ]
        ]
      }
    },
    {
      "type": "Feature",
      "properties": {
        "osmType": "way",
        "osmId": 1162500380,
        "name": null,
        "highway": "residential",
        "bridge": null,
        "layer": null,
        "surface": null,
        "source": "OpenStreetMap contributors via Overpass API",
        "verificationLevel": "public-map-geometry-only",
        "trafficStatus": "unknown"
      },
      "geometry": {
        "type": "LineString",
        "coordinates": [
          [
            126.6246559,
            36.7726146
          ],
          [
            126.6246843,
            36.7724034
          ],
          [
            126.6247111,
            36.7723433
          ]
        ]
      }
    },
    {
      "type": "Feature",
      "properties": {
        "osmType": "way",
        "osmId": 1162500381,
        "name": null,
        "highway": "residential",
        "bridge": null,
        "layer": null,
        "surface": null,
        "source": "OpenStreetMap contributors via Overpass API",
        "verificationLevel": "public-map-geometry-only",
        "trafficStatus": "unknown"
      },
      "geometry": {
        "type": "LineString",
        "coordinates": [
          [
            126.624303,
            36.7728075
          ],
          [
            126.6243687,
            36.7727459
          ],
          [
            126.6244313,
            36.7727015
          ],
          [
            126.6245073,
            36.7726641
          ],
          [
            126.6246559,
            36.7726146
          ],
          [
            126.6247061,
            36.7726711
          ],
          [
            126.6247916,
            36.7727098
          ],
          [
            126.624851,
            36.772744
          ],
          [
            126.6248748,
            36.7727941
          ],
          [
            126.6248866,
            36.7728646
          ],
          [
            126.6248716,
            36.7729166
          ],
          [
            126.6248518,
            36.7729635
          ],
          [
            126.6248352,
            36.7730162
          ],
          [
            126.6248447,
            36.7730669
          ]
        ]
      }
    },
    {
      "type": "Feature",
      "properties": {
        "osmType": "way",
        "osmId": 1162500382,
        "name": null,
        "highway": "residential",
        "bridge": null,
        "layer": null,
        "surface": null,
        "source": "OpenStreetMap contributors via Overpass API",
        "verificationLevel": "public-map-geometry-only",
        "trafficStatus": "unknown"
      },
      "geometry": {
        "type": "LineString",
        "coordinates": [
          [
            126.6231877,
            36.7711312
          ],
          [
            126.6234452,
            36.771084
          ],
          [
            126.6237724,
            36.7709679
          ],
          [
            126.6243303,
            36.7709937
          ],
          [
            126.6245194,
            36.7710238
          ],
          [
            126.6248077,
            36.7710754
          ],
          [
            126.6250116,
            36.7711441
          ],
          [
            126.6253817,
            36.7712043
          ],
          [
            126.6256553,
            36.7713246
          ],
          [
            126.625945,
            36.7713418
          ]
        ]
      }
    },
    {
      "type": "Feature",
      "properties": {
        "osmType": "way",
        "osmId": 1162500383,
        "name": null,
        "highway": "residential",
        "bridge": null,
        "layer": null,
        "surface": null,
        "source": "OpenStreetMap contributors via Overpass API",
        "verificationLevel": "public-map-geometry-only",
        "trafficStatus": "unknown"
      },
      "geometry": {
        "type": "LineString",
        "coordinates": [
          [
            126.6231877,
            36.7711312
          ],
          [
            126.6229677,
            36.7709163
          ],
          [
            126.6229463,
            36.7706413
          ],
          [
            126.6227263,
            36.7704436
          ],
          [
            126.6226244,
            36.7703748
          ],
          [
            126.6224152,
            36.7701384
          ]
        ]
      }
    },
    {
      "type": "Feature",
      "properties": {
        "osmType": "way",
        "osmId": 1162500384,
        "name": null,
        "highway": "residential",
        "bridge": null,
        "layer": null,
        "surface": null,
        "source": "OpenStreetMap contributors via Overpass API",
        "verificationLevel": "public-map-geometry-only",
        "trafficStatus": "unknown"
      },
      "geometry": {
        "type": "LineString",
        "coordinates": [
          [
            126.6231877,
            36.7711312
          ],
          [
            126.6231179,
            36.7712
          ]
        ]
      }
    },
    {
      "type": "Feature",
      "properties": {
        "osmType": "way",
        "osmId": 1162500385,
        "name": null,
        "highway": "residential",
        "bridge": null,
        "layer": null,
        "surface": null,
        "source": "OpenStreetMap contributors via Overpass API",
        "verificationLevel": "public-map-geometry-only",
        "trafficStatus": "unknown"
      },
      "geometry": {
        "type": "LineString",
        "coordinates": [
          [
            126.6180667,
            36.7701285
          ],
          [
            126.6180089,
            36.7701049
          ],
          [
            126.6179595,
            36.7700854
          ],
          [
            126.617702,
            36.7699737
          ],
          [
            126.6175791,
            36.7700926
          ],
          [
            126.6174125,
            36.7703148
          ]
        ]
      }
    },
    {
      "type": "Feature",
      "properties": {
        "osmType": "way",
        "osmId": 1162500386,
        "name": null,
        "highway": "residential",
        "bridge": null,
        "layer": null,
        "surface": null,
        "source": "OpenStreetMap contributors via Overpass API",
        "verificationLevel": "public-map-geometry-only",
        "trafficStatus": "unknown"
      },
      "geometry": {
        "type": "LineString",
        "coordinates": [
          [
            126.6208166,
            36.7699665
          ],
          [
            126.6210741,
            36.7696055
          ],
          [
            126.6211331,
            36.7692143
          ],
          [
            126.6210365,
            36.7690725
          ],
          [
            126.6209936,
            36.7690424
          ],
          [
            126.6209293,
            36.7690295
          ],
          [
            126.6206449,
            36.7690338
          ],
          [
            126.6204465,
            36.768978
          ],
          [
            126.6201301,
            36.7686588
          ],
          [
            126.6199235,
            36.7684748
          ]
        ]
      }
    },
    {
      "type": "Feature",
      "properties": {
        "osmType": "way",
        "osmId": 1162500387,
        "name": null,
        "highway": "track",
        "bridge": null,
        "layer": null,
        "surface": "concrete",
        "source": "OpenStreetMap contributors via Overpass API",
        "verificationLevel": "public-map-geometry-only",
        "trafficStatus": "unknown"
      },
      "geometry": {
        "type": "LineString",
        "coordinates": [
          [
            126.6125164,
            36.7777156
          ],
          [
            126.6126703,
            36.7775739
          ],
          [
            126.6127981,
            36.7774328
          ],
          [
            126.6129025,
            36.7772782
          ],
          [
            126.6132422,
            36.7768099
          ],
          [
            126.6136268,
            36.7763487
          ],
          [
            126.6140844,
            36.7757842
          ],
          [
            126.6143251,
            36.7755536
          ],
          [
            126.6146109,
            36.7752334
          ],
          [
            126.6151158,
            36.7745347
          ],
          [
            126.6153029,
            36.7742667
          ],
          [
            126.615389,
            36.7741079
          ],
          [
            126.6154333,
            36.7739877
          ],
          [
            126.6154633,
            36.7738529
          ],
          [
            126.615479,
            36.773739
          ],
          [
            126.6155872,
            36.7735949
          ],
          [
            126.6157294,
            36.7733545
          ],
          [
            126.6159577,
            36.7730254
          ],
          [
            126.6163151,
            36.7725166
          ],
          [
            126.616576,
            36.7721508
          ],
          [
            126.6167508,
            36.7718687
          ],
          [
            126.6171069,
            36.7712857
          ],
          [
            126.6174239,
            36.7708322
          ],
          [
            126.6175504,
            36.7706734
          ],
          [
            126.6176743,
            36.7705501
          ],
          [
            126.6178178,
            36.7703818
          ],
          [
            126.6179313,
            36.7702084
          ],
          [
            126.6180089,
            36.7701049
          ],
          [
            126.6181191,
            36.7699576
          ],
          [
            126.61817,
            36.7697883
          ],
          [
            126.6183931,
            36.7690778
          ],
          [
            126.6185086,
            36.7686888
          ]
        ]
      }
    },
    {
      "type": "Feature",
      "properties": {
        "osmType": "way",
        "osmId": 1162500388,
        "name": null,
        "highway": "residential",
        "bridge": null,
        "layer": null,
        "surface": null,
        "source": "OpenStreetMap contributors via Overpass API",
        "verificationLevel": "public-map-geometry-only",
        "trafficStatus": "unknown"
      },
      "geometry": {
        "type": "LineString",
        "coordinates": [
          [
            126.618636,
            36.7703565
          ],
          [
            126.6183324,
            36.7702349
          ],
          [
            126.6182778,
            36.7702131
          ]
        ]
      }
    },
    {
      "type": "Feature",
      "properties": {
        "osmType": "way",
        "osmId": 1162500389,
        "name": null,
        "highway": "residential",
        "bridge": "yes",
        "layer": "1",
        "surface": null,
        "source": "OpenStreetMap contributors via Overpass API",
        "verificationLevel": "public-map-geometry-only",
        "trafficStatus": "unknown"
      },
      "geometry": {
        "type": "LineString",
        "coordinates": [
          [
            126.6182778,
            36.7702131
          ],
          [
            126.6180667,
            36.7701285
          ]
        ]
      }
    },
    {
      "type": "Feature",
      "properties": {
        "osmType": "way",
        "osmId": 1162500390,
        "name": null,
        "highway": "track",
        "bridge": null,
        "layer": null,
        "surface": "paved",
        "source": "OpenStreetMap contributors via Overpass API",
        "verificationLevel": "public-map-geometry-only",
        "trafficStatus": "unknown"
      },
      "geometry": {
        "type": "LineString",
        "coordinates": [
          [
            126.6183324,
            36.7702349
          ],
          [
            126.6185525,
            36.7697511
          ],
          [
            126.618598,
            36.7695558
          ],
          [
            126.6186035,
            36.7694523
          ],
          [
            126.6187394,
            36.7693694
          ],
          [
            126.6188072,
            36.7693276
          ],
          [
            126.618845,
            36.7692795
          ],
          [
            126.6188672,
            36.7692262
          ],
          [
            126.6188711,
            36.7689232
          ],
          [
            126.6189011,
            36.7687246
          ],
          [
            126.6189403,
            36.768314
          ],
          [
            126.6189755,
            36.768152
          ],
          [
            126.6190564,
            36.7678427
          ],
          [
            126.6190694,
            36.7677758
          ],
          [
            126.6190759,
            36.7676975
          ],
          [
            126.6190668,
            36.7675554
          ],
          [
            126.619089,
            36.7674624
          ],
          [
            126.6191281,
            36.7673182
          ],
          [
            126.6192174,
            36.7671719
          ],
          [
            126.6193284,
            36.7670436
          ],
          [
            126.6194762,
            36.7669251
          ],
          [
            126.6196103,
            36.7668647
          ],
          [
            126.6197566,
            36.7668165
          ],
          [
            126.6198983,
            36.7667894
          ],
          [
            126.620114,
            36.7667832
          ],
          [
            126.6215806,
            36.7668498
          ],
          [
            126.6216823,
            36.766861
          ],
          [
            126.6217685,
            36.7668807
          ],
          [
            126.621861,
            36.7669128
          ],
          [
            126.6219303,
            36.7669436
          ],
          [
            126.621991,
            36.766987
          ]
        ]
      }
    },
    {
      "type": "Feature",
      "properties": {
        "osmType": "way",
        "osmId": 1162500391,
        "name": null,
        "highway": "residential",
        "bridge": null,
        "layer": null,
        "surface": null,
        "source": "OpenStreetMap contributors via Overpass API",
        "verificationLevel": "public-map-geometry-only",
        "trafficStatus": "unknown"
      },
      "geometry": {
        "type": "LineString",
        "coordinates": [
          [
            126.6193243,
            36.7632337
          ],
          [
            126.6199732,
            36.7633755
          ],
          [
            126.6200644,
            36.7633669
          ],
          [
            126.620118,
            36.7633411
          ],
          [
            126.6204345,
            36.7632638
          ],
          [
            126.6205686,
            36.7632509
          ],
          [
            126.6209279,
            36.7632638
          ],
          [
            126.6213462,
            36.7633411
          ],
          [
            126.621475,
            36.7633884
          ],
          [
            126.6215494,
            36.7634453
          ],
          [
            126.6216092,
            36.7635051
          ],
          [
            126.6216381,
            36.7635742
          ],
          [
            126.6216492,
            36.7636704
          ],
          [
            126.6216493,
            36.7639071
          ],
          [
            126.6216708,
            36.7643167
          ],
          [
            126.6216773,
            36.7646317
          ],
          [
            126.6216773,
            36.7648004
          ],
          [
            126.6217353,
            36.7650311
          ],
          [
            126.6218187,
            36.765213
          ],
          [
            126.621942,
            36.7654838
          ],
          [
            126.622135,
            36.7657288
          ],
          [
            126.6222154,
            36.7660253
          ],
          [
            126.6225799,
            36.7668253
          ]
        ]
      }
    },
    {
      "type": "Feature",
      "properties": {
        "osmType": "way",
        "osmId": 1162500392,
        "name": null,
        "highway": "service",
        "bridge": null,
        "layer": null,
        "surface": null,
        "source": "OpenStreetMap contributors via Overpass API",
        "verificationLevel": "public-map-geometry-only",
        "trafficStatus": "unknown"
      },
      "geometry": {
        "type": "LineString",
        "coordinates": [
          [
            126.6193243,
            36.7632337
          ],
          [
            126.6185251,
            36.7628428
          ],
          [
            126.6179834,
            36.7627097
          ],
          [
            126.6178601,
            36.762671
          ],
          [
            126.6177957,
            36.7626667
          ],
          [
            126.617726,
            36.7626409
          ],
          [
            126.6174471,
            36.7625851
          ],
          [
            126.6172916,
            36.7625507
          ],
          [
            126.6170234,
            36.7624562
          ],
          [
            126.6168357,
            36.7623574
          ],
          [
            126.6167606,
            36.7623403
          ],
          [
            126.6167123,
            36.7623446
          ],
          [
            126.6166748,
            36.7624176
          ],
          [
            126.6167499,
            36.7628257
          ],
          [
            126.6167623,
            36.7628938
          ]
        ]
      }
    },
    {
      "type": "Feature",
      "properties": {
        "osmType": "way",
        "osmId": 1162500393,
        "name": null,
        "highway": "residential",
        "bridge": null,
        "layer": null,
        "surface": null,
        "source": "OpenStreetMap contributors via Overpass API",
        "verificationLevel": "public-map-geometry-only",
        "trafficStatus": "unknown"
      },
      "geometry": {
        "type": "LineString",
        "coordinates": [
          [
            126.6163262,
            36.763964
          ],
          [
            126.6162042,
            36.7637746
          ],
          [
            126.6160486,
            36.7635942
          ],
          [
            126.6158448,
            36.7634911
          ],
          [
            126.615405,
            36.7634396
          ],
          [
            126.6151035,
            36.7635257
          ],
          [
            126.6147226,
            36.763689
          ],
          [
            126.614449,
            36.7638695
          ],
          [
            126.6145295,
            36.7640972
          ],
          [
            126.6145124,
            36.7641751
          ]
        ]
      }
    },
    {
      "type": "Feature",
      "properties": {
        "osmType": "way",
        "osmId": 1162500394,
        "name": null,
        "highway": "residential",
        "bridge": null,
        "layer": null,
        "surface": null,
        "source": "OpenStreetMap contributors via Overpass API",
        "verificationLevel": "public-map-geometry-only",
        "trafficStatus": "unknown"
      },
      "geometry": {
        "type": "LineString",
        "coordinates": [
          [
            126.6156983,
            36.7641171
          ],
          [
            126.6158752,
            36.7645726
          ],
          [
            126.6154785,
            36.7646414
          ],
          [
            126.6150764,
            36.7647617
          ],
          [
            126.61513,
            36.7652216
          ],
          [
            126.6153605,
            36.7655997
          ]
        ]
      }
    },
    {
      "type": "Feature",
      "properties": {
        "osmType": "way",
        "osmId": 1162500395,
        "name": null,
        "highway": "residential",
        "bridge": null,
        "layer": null,
        "surface": null,
        "source": "OpenStreetMap contributors via Overpass API",
        "verificationLevel": "public-map-geometry-only",
        "trafficStatus": "unknown"
      },
      "geometry": {
        "type": "LineString",
        "coordinates": [
          [
            126.6155378,
            36.764153
          ],
          [
            126.6155981,
            36.7643286
          ]
        ]
      }
    },
    {
      "type": "Feature",
      "properties": {
        "osmType": "way",
        "osmId": 1162500396,
        "name": null,
        "highway": "residential",
        "bridge": null,
        "layer": null,
        "surface": null,
        "source": "OpenStreetMap contributors via Overpass API",
        "verificationLevel": "public-map-geometry-only",
        "trafficStatus": "unknown"
      },
      "geometry": {
        "type": "LineString",
        "coordinates": [
          [
            126.6193243,
            36.7632337
          ],
          [
            126.619301,
            36.7632743
          ],
          [
            126.6192895,
            36.7633119
          ],
          [
            126.6193048,
            36.7633597
          ],
          [
            126.6193504,
            36.7634227
          ],
          [
            126.6194684,
            36.7635345
          ],
          [
            126.6196448,
            36.7636463
          ],
          [
            126.6199138,
            36.7637343
          ],
          [
            126.6199569,
            36.7637547
          ],
          [
            126.6199712,
            36.763773
          ],
          [
            126.6199745,
            36.7638017
          ],
          [
            126.6199653,
            36.7638336
          ],
          [
            126.6199464,
            36.7638555
          ],
          [
            126.6199008,
            36.7638749
          ],
          [
            126.6198479,
            36.7638822
          ],
          [
            126.6197879,
            36.7638791
          ],
          [
            126.6194656,
            36.7638401
          ],
          [
            126.6190798,
            36.7637494
          ],
          [
            126.6188834,
            36.7636714
          ],
          [
            126.6187419,
            36.7635467
          ],
          [
            126.6185967,
            36.763395
          ],
          [
            126.618487,
            36.7633284
          ],
          [
            126.6183455,
            36.763283
          ],
          [
            126.6175547,
            36.7630755
          ],
          [
            126.6167623,
            36.7628938
          ],
          [
            126.6163643,
            36.7628026
          ],
          [
            126.6162784,
            36.7627846
          ],
          [
            126.6162182,
            36.7627811
          ],
          [
            126.6161667,
            36.7627846
          ],
          [
            126.6161151,
            36.7627983
          ],
          [
            126.6160818,
            36.7628242
          ],
          [
            126.6160614,
            36.7628646
          ],
          [
            126.6160549,
            36.7629076
          ],
          [
            126.6160667,
            36.7629524
          ],
          [
            126.616085,
            36.7629851
          ],
          [
            126.616287,
            36.7631383
          ],
          [
            126.6164986,
            36.7633156
          ],
          [
            126.6165738,
            36.7633956
          ],
          [
            126.6166093,
            36.7634808
          ],
          [
            126.6166512,
            36.7636194
          ],
          [
            126.6166909,
            36.7637519
          ],
          [
            126.6166866,
            36.7638001
          ],
          [
            126.6166673,
            36.7638372
          ],
          [
            126.6166415,
            36.7638621
          ],
          [
            126.6166036,
            36.7638806
          ],
          [
            126.6163262,
            36.763964
          ],
          [
            126.6156983,
            36.7641171
          ],
          [
            126.6155378,
            36.764153
          ],
          [
            126.6151623,
            36.7642346
          ],
          [
            126.61483,
            36.7643095
          ],
          [
            126.6147761,
            36.7643624
          ],
          [
            126.6147146,
            36.764372
          ],
          [
            126.6146427,
            36.7643684
          ],
          [
            126.6145648,
            36.7643576
          ],
          [
            126.6144989,
            36.7643395
          ],
          [
            126.6144689,
            36.7643083
          ],
          [
            126.6144659,
            36.7642675
          ],
          [
            126.6144764,
            36.7642267
          ],
          [
            126.6145124,
            36.7641751
          ]
        ]
      }
    },
    {
      "type": "Feature",
      "properties": {
        "osmType": "way",
        "osmId": 1162500397,
        "name": null,
        "highway": "residential",
        "bridge": null,
        "layer": null,
        "surface": null,
        "source": "OpenStreetMap contributors via Overpass API",
        "verificationLevel": "public-map-geometry-only",
        "trafficStatus": "unknown"
      },
      "geometry": {
        "type": "LineString",
        "coordinates": [
          [
            126.6283695,
            36.7713375
          ],
          [
            126.6285467,
            36.7713075
          ],
          [
            126.6286486,
            36.7712473
          ],
          [
            126.6288524,
            36.7709507
          ],
          [
            126.6291153,
            36.770796
          ],
          [
            126.6292601,
            36.7706499
          ],
          [
            126.6299736,
            36.7695754
          ]
        ]
      }
    },
    {
      "type": "Feature",
      "properties": {
        "osmType": "way",
        "osmId": 1162500398,
        "name": null,
        "highway": "residential",
        "bridge": null,
        "layer": null,
        "surface": null,
        "source": "OpenStreetMap contributors via Overpass API",
        "verificationLevel": "public-map-geometry-only",
        "trafficStatus": "unknown"
      },
      "geometry": {
        "type": "LineString",
        "coordinates": [
          [
            126.6299736,
            36.7695754
          ],
          [
            126.6301072,
            36.7696522
          ],
          [
            126.6302466,
            36.7697253
          ],
          [
            126.6303163,
            36.7697253
          ],
          [
            126.63037,
            36.7697124
          ],
          [
            126.6304397,
            36.7696522
          ],
          [
            126.6305201,
            36.7695706
          ],
          [
            126.630563,
            36.769519
          ],
          [
            126.6305845,
            36.7694761
          ],
          [
            126.6306006,
            36.7694503
          ],
          [
            126.6306435,
            36.7693772
          ],
          [
            126.6307025,
            36.7692311
          ],
          [
            126.630799,
            36.7690807
          ],
          [
            126.6310081,
            36.7689303
          ],
          [
            126.6311958,
            36.7687842
          ],
          [
            126.6312119,
            36.7686725
          ],
          [
            126.631228,
            36.7685608
          ],
          [
            126.6315766,
            36.7682342
          ],
          [
            126.6317643,
            36.7679764
          ],
          [
            126.6317965,
            36.7679549
          ],
          [
            126.6318394,
            36.7679506
          ],
          [
            126.6320646,
            36.768028
          ],
          [
            126.6321558,
            36.7682127
          ]
        ]
      }
    },
    {
      "type": "Feature",
      "properties": {
        "osmType": "way",
        "osmId": 1162500399,
        "name": null,
        "highway": "residential",
        "bridge": null,
        "layer": null,
        "surface": null,
        "source": "OpenStreetMap contributors via Overpass API",
        "verificationLevel": "public-map-geometry-only",
        "trafficStatus": "unknown"
      },
      "geometry": {
        "type": "LineString",
        "coordinates": [
          [
            126.6295383,
            36.7687049
          ],
          [
            126.6295173,
            36.7685565
          ],
          [
            126.6295119,
            36.7684362
          ],
          [
            126.6295441,
            36.7681999
          ],
          [
            126.6297318,
            36.7675768
          ],
          [
            126.6295227,
            36.7672588
          ],
          [
            126.6295912,
            36.767084
          ],
          [
            126.6297528,
            36.7666338
          ]
        ]
      }
    },
    {
      "type": "Feature",
      "properties": {
        "osmType": "way",
        "osmId": 1162500400,
        "name": null,
        "highway": "residential",
        "bridge": null,
        "layer": null,
        "surface": null,
        "source": "OpenStreetMap contributors via Overpass API",
        "verificationLevel": "public-map-geometry-only",
        "trafficStatus": "unknown"
      },
      "geometry": {
        "type": "LineString",
        "coordinates": [
          [
            126.6299736,
            36.7695754
          ],
          [
            126.6296996,
            36.7690292
          ],
          [
            126.6296385,
            36.7689173
          ]
        ]
      }
    },
    {
      "type": "Feature",
      "properties": {
        "osmType": "way",
        "osmId": 1162500401,
        "name": null,
        "highway": "residential",
        "bridge": "yes",
        "layer": "1",
        "surface": null,
        "source": "OpenStreetMap contributors via Overpass API",
        "verificationLevel": "public-map-geometry-only",
        "trafficStatus": "unknown"
      },
      "geometry": {
        "type": "LineString",
        "coordinates": [
          [
            126.6296385,
            36.7689173
          ],
          [
            126.6295383,
            36.7687049
          ]
        ]
      }
    },
    {
      "type": "Feature",
      "properties": {
        "osmType": "way",
        "osmId": 1162500402,
        "name": null,
        "highway": "residential",
        "bridge": null,
        "layer": null,
        "surface": null,
        "source": "OpenStreetMap contributors via Overpass API",
        "verificationLevel": "public-map-geometry-only",
        "trafficStatus": "unknown"
      },
      "geometry": {
        "type": "LineString",
        "coordinates": [
          [
            126.631228,
            36.7685608
          ],
          [
            126.6311967,
            36.7685353
          ],
          [
            126.6310572,
            36.7682817
          ],
          [
            126.6309875,
            36.768213
          ],
          [
            126.6309096,
            36.7680206
          ]
        ]
      }
    },
    {
      "type": "Feature",
      "properties": {
        "osmType": "way",
        "osmId": 1162500403,
        "name": null,
        "highway": "tertiary",
        "bridge": null,
        "layer": null,
        "surface": "asphalt",
        "source": "OpenStreetMap contributors via Overpass API",
        "verificationLevel": "public-map-geometry-only",
        "trafficStatus": "unknown"
      },
      "geometry": {
        "type": "LineString",
        "coordinates": [
          [
            126.6335433,
            36.7679021
          ],
          [
            126.6335463,
            36.7680582
          ],
          [
            126.6336482,
            36.7682989
          ],
          [
            126.6344797,
            36.7692187
          ],
          [
            126.6348123,
            36.7694722
          ],
          [
            126.6352146,
            36.7697516
          ],
          [
            126.6354078,
            36.7700052
          ],
          [
            126.6357618,
            36.770551
          ],
          [
            126.6361454,
            36.7709418
          ],
          [
            126.6362066,
            36.7710129
          ]
        ]
      }
    },
    {
      "type": "Feature",
      "properties": {
        "osmType": "way",
        "osmId": 1162500404,
        "name": null,
        "highway": "residential",
        "bridge": null,
        "layer": null,
        "surface": null,
        "source": "OpenStreetMap contributors via Overpass API",
        "verificationLevel": "public-map-geometry-only",
        "trafficStatus": "unknown"
      },
      "geometry": {
        "type": "LineString",
        "coordinates": [
          [
            126.6320646,
            36.768028
          ],
          [
            126.6321248,
            36.7679852
          ],
          [
            126.6321891,
            36.7679379
          ],
          [
            126.6322159,
            36.7679035
          ],
          [
            126.6323608,
            36.7677359
          ],
          [
            126.6324895,
            36.7676241
          ],
          [
            126.6328275,
            36.7674393
          ],
          [
            126.6330224,
            36.7673372
          ]
        ]
      }
    },
    {
      "type": "Feature",
      "properties": {
        "osmType": "way",
        "osmId": 1162500405,
        "name": null,
        "highway": "residential",
        "bridge": null,
        "layer": null,
        "surface": null,
        "source": "OpenStreetMap contributors via Overpass API",
        "verificationLevel": "public-map-geometry-only",
        "trafficStatus": "unknown"
      },
      "geometry": {
        "type": "LineString",
        "coordinates": [
          [
            126.6304726,
            36.766266
          ],
          [
            126.6300863,
            36.7662058
          ],
          [
            126.6299844,
            36.7662746
          ]
        ]
      }
    },
    {
      "type": "Feature",
      "properties": {
        "osmType": "way",
        "osmId": 1162500406,
        "name": null,
        "highway": "path",
        "bridge": null,
        "layer": null,
        "surface": null,
        "source": "OpenStreetMap contributors via Overpass API",
        "verificationLevel": "public-map-geometry-only",
        "trafficStatus": "unknown"
      },
      "geometry": {
        "type": "LineString",
        "coordinates": [
          [
            126.6275228,
            36.7637315
          ],
          [
            126.6274853,
            36.7641825
          ],
          [
            126.6275282,
            36.7642898
          ],
          [
            126.6275925,
            36.7643328
          ],
          [
            126.6277266,
            36.7644015
          ],
          [
            126.6278821,
            36.7644874
          ],
          [
            126.6282951,
            36.7647794
          ],
          [
            126.628397,
            36.7647923
          ],
          [
            126.6285955,
            36.7647537
          ],
          [
            126.628692,
            36.7647537
          ],
          [
            126.6288475,
            36.764788
          ],
          [
            126.6292015,
            36.7648911
          ],
          [
            126.6293302,
            36.7649598
          ],
          [
            126.6295286,
            36.7650972
          ],
          [
            126.6297432,
            36.7651917
          ],
          [
            126.6298129,
            36.7651917
          ],
          [
            126.6299416,
            36.765166
          ],
          [
            126.6300971,
            36.7651144
          ],
          [
            126.630313,
            36.7650503
          ]
        ]
      }
    },
    {
      "type": "Feature",
      "properties": {
        "osmType": "way",
        "osmId": 1162500407,
        "name": null,
        "highway": "path",
        "bridge": "yes",
        "layer": "1",
        "surface": null,
        "source": "OpenStreetMap contributors via Overpass API",
        "verificationLevel": "public-map-geometry-only",
        "trafficStatus": "unknown"
      },
      "geometry": {
        "type": "LineString",
        "coordinates": [
          [
            126.630313,
            36.7650503
          ],
          [
            126.630494,
            36.7649985
          ],
          [
            126.6306548,
            36.7649831
          ]
        ]
      }
    },
    {
      "type": "Feature",
      "properties": {
        "osmType": "way",
        "osmId": 1162500408,
        "name": null,
        "highway": "path",
        "bridge": null,
        "layer": null,
        "surface": null,
        "source": "OpenStreetMap contributors via Overpass API",
        "verificationLevel": "public-map-geometry-only",
        "trafficStatus": "unknown"
      },
      "geometry": {
        "type": "LineString",
        "coordinates": [
          [
            126.6306548,
            36.7649831
          ],
          [
            126.6307588,
            36.7649727
          ]
        ]
      }
    },
    {
      "type": "Feature",
      "properties": {
        "osmType": "way",
        "osmId": 1162500409,
        "name": null,
        "highway": "residential",
        "bridge": null,
        "layer": null,
        "surface": null,
        "source": "OpenStreetMap contributors via Overpass API",
        "verificationLevel": "public-map-geometry-only",
        "trafficStatus": "unknown"
      },
      "geometry": {
        "type": "LineString",
        "coordinates": [
          [
            126.6315637,
            36.765714
          ],
          [
            126.6315132,
            36.7651013
          ],
          [
            126.6315669,
            36.7646758
          ],
          [
            126.6317922,
            36.7641858
          ],
          [
            126.631937,
            36.7640053
          ],
          [
            126.6319799,
            36.7639236
          ],
          [
            126.631937,
            36.7637388
          ],
          [
            126.6318458,
            36.7635669
          ],
          [
            126.6317707,
            36.7634638
          ],
          [
            126.6318458,
            36.7633907
          ],
          [
            126.6325217,
            36.7629738
          ],
          [
            126.63257,
            36.7629652
          ],
          [
            126.6327524,
            36.7630469
          ]
        ]
      }
    },
    {
      "type": "Feature",
      "properties": {
        "osmType": "way",
        "osmId": 1162500410,
        "name": null,
        "highway": "residential",
        "bridge": null,
        "layer": null,
        "surface": null,
        "source": "OpenStreetMap contributors via Overpass API",
        "verificationLevel": "public-map-geometry-only",
        "trafficStatus": "unknown"
      },
      "geometry": {
        "type": "LineString",
        "coordinates": [
          [
            126.6326558,
            36.7654709
          ],
          [
            126.6323661,
            36.7654666
          ],
          [
            126.632232,
            36.7654451
          ],
          [
            126.6320389,
            36.76538
          ]
        ]
      }
    },
    {
      "type": "Feature",
      "properties": {
        "osmType": "way",
        "osmId": 1162500411,
        "name": null,
        "highway": "residential",
        "bridge": "yes",
        "layer": "1",
        "surface": null,
        "source": "OpenStreetMap contributors via Overpass API",
        "verificationLevel": "public-map-geometry-only",
        "trafficStatus": "unknown"
      },
      "geometry": {
        "type": "LineString",
        "coordinates": [
          [
            126.6330224,
            36.7673372
          ],
          [
            126.6331327,
            36.7672829
          ]
        ]
      }
    },
    {
      "type": "Feature",
      "properties": {
        "osmType": "way",
        "osmId": 1162500414,
        "name": null,
        "highway": "service",
        "bridge": null,
        "layer": null,
        "surface": "asphalt",
        "source": "OpenStreetMap contributors via Overpass API",
        "verificationLevel": "public-map-geometry-only",
        "trafficStatus": "unknown"
      },
      "geometry": {
        "type": "LineString",
        "coordinates": [
          [
            126.6228913,
            36.7517055
          ],
          [
            126.6231233,
            36.7516059
          ],
          [
            126.6233647,
            36.751391
          ],
          [
            126.6234666,
            36.7513652
          ],
          [
            126.6237724,
            36.7513953
          ],
          [
            126.6238636,
            36.7513652
          ],
          [
            126.6241479,
            36.7511202
          ],
          [
            126.6242284,
            36.7509053
          ]
        ]
      }
    },
    {
      "type": "Feature",
      "properties": {
        "osmType": "way",
        "osmId": 1162500415,
        "name": null,
        "highway": "track",
        "bridge": null,
        "layer": null,
        "surface": null,
        "source": "OpenStreetMap contributors via Overpass API",
        "verificationLevel": "public-map-geometry-only",
        "trafficStatus": "unknown"
      },
      "geometry": {
        "type": "LineString",
        "coordinates": [
          [
            126.6197134,
            36.7473143
          ],
          [
            126.6199315,
            36.7472349
          ],
          [
            126.6200924,
            36.7471662
          ],
          [
            126.6201461,
            36.7471619
          ],
          [
            126.620189,
            36.7471662
          ],
          [
            126.6202319,
            36.747192
          ],
          [
            126.6202748,
            36.7472263
          ],
          [
            126.6203177,
            36.7472865
          ],
          [
            126.6203606,
            36.7473639
          ],
          [
            126.6203982,
            36.7474112
          ],
          [
            126.6204304,
            36.7474241
          ],
          [
            126.6204572,
            36.7474284
          ],
          [
            126.6204894,
            36.7474241
          ],
          [
            126.6205377,
            36.7474026
          ],
          [
            126.6206449,
            36.7473209
          ],
          [
            126.6207522,
            36.7472392
          ],
          [
            126.6208166,
            36.7471404
          ],
          [
            126.620881,
            36.7470372
          ]
        ]
      }
    },
    {
      "type": "Feature",
      "properties": {
        "osmType": "way",
        "osmId": 1162500416,
        "name": null,
        "highway": "track",
        "bridge": null,
        "layer": null,
        "surface": null,
        "source": "OpenStreetMap contributors via Overpass API",
        "verificationLevel": "public-map-geometry-only",
        "trafficStatus": "unknown"
      },
      "geometry": {
        "type": "LineString",
        "coordinates": [
          [
            126.620881,
            36.7470372
          ],
          [
            126.6211707,
            36.747192
          ],
          [
            126.6212458,
            36.7471963
          ],
          [
            126.621396,
            36.7470415
          ],
          [
            126.621632,
            36.7466762
          ]
        ]
      }
    },
    {
      "type": "Feature",
      "properties": {
        "osmType": "way",
        "osmId": 1162500417,
        "name": null,
        "highway": "track",
        "bridge": null,
        "layer": null,
        "surface": null,
        "source": "OpenStreetMap contributors via Overpass API",
        "verificationLevel": "public-map-geometry-only",
        "trafficStatus": "unknown"
      },
      "geometry": {
        "type": "LineString",
        "coordinates": [
          [
            126.620881,
            36.7470372
          ],
          [
            126.6208649,
            36.7470072
          ],
          [
            126.6208649,
            36.7468094
          ]
        ]
      }
    },
    {
      "type": "Feature",
      "properties": {
        "osmType": "way",
        "osmId": 1162500418,
        "name": null,
        "highway": "unclassified",
        "bridge": null,
        "layer": null,
        "surface": "asphalt",
        "source": "OpenStreetMap contributors via Overpass API",
        "verificationLevel": "public-map-geometry-only",
        "trafficStatus": "unknown"
      },
      "geometry": {
        "type": "LineString",
        "coordinates": [
          [
            126.6254541,
            36.7551114
          ],
          [
            126.6251846,
            36.7552977
          ],
          [
            126.6251041,
            36.7554138
          ],
          [
            126.6250773,
            36.7555427
          ],
          [
            126.6250773,
            36.755792
          ],
          [
            126.6251095,
            36.7560413
          ],
          [
            126.6252221,
            36.7562562
          ],
          [
            126.6252865,
            36.7563335
          ],
          [
            126.6255199,
            36.7565248
          ],
          [
            126.6259138,
            36.7567392
          ],
          [
            126.6261432,
            36.7568616
          ],
          [
            126.6263161,
            36.7569304
          ],
          [
            126.6269518,
            36.7570981
          ],
          [
            126.6276116,
            36.7573022
          ],
          [
            126.6277779,
            36.7573602
          ],
          [
            126.627912,
            36.757444
          ],
          [
            126.6280703,
            36.7576095
          ],
          [
            126.6281614,
            36.7577105
          ],
          [
            126.6283169,
            36.7579281
          ],
          [
            126.6284938,
            36.7581731
          ],
          [
            126.6286494,
            36.7583407
          ],
          [
            126.6287996,
            36.7584567
          ],
          [
            126.629293,
            36.7587619
          ],
          [
            126.6294485,
            36.7589037
          ],
          [
            126.6294807,
            36.7589811
          ],
          [
            126.62947,
            36.7592046
          ],
          [
            126.6292436,
            36.760439
          ],
          [
            126.6291646,
            36.7610274
          ]
        ]
      }
    },
    {
      "type": "Feature",
      "properties": {
        "osmType": "way",
        "osmId": 1162500419,
        "name": null,
        "highway": "residential",
        "bridge": null,
        "layer": null,
        "surface": null,
        "source": "OpenStreetMap contributors via Overpass API",
        "verificationLevel": "public-map-geometry-only",
        "trafficStatus": "unknown"
      },
      "geometry": {
        "type": "LineString",
        "coordinates": [
          [
            126.6261432,
            36.7568616
          ],
          [
            126.6261326,
            36.7569044
          ]
        ]
      }
    },
    {
      "type": "Feature",
      "properties": {
        "osmType": "way",
        "osmId": 1162500420,
        "name": null,
        "highway": "residential",
        "bridge": null,
        "layer": null,
        "surface": null,
        "source": "OpenStreetMap contributors via Overpass API",
        "verificationLevel": "public-map-geometry-only",
        "trafficStatus": "unknown"
      },
      "geometry": {
        "type": "LineString",
        "coordinates": [
          [
            126.626091,
            36.7570728
          ],
          [
            126.6259614,
            36.7572428
          ]
        ]
      }
    },
    {
      "type": "Feature",
      "properties": {
        "osmType": "way",
        "osmId": 1162500421,
        "name": null,
        "highway": "residential",
        "bridge": null,
        "layer": null,
        "surface": "asphalt",
        "source": "OpenStreetMap contributors via Overpass API",
        "verificationLevel": "public-map-geometry-only",
        "trafficStatus": "unknown"
      },
      "geometry": {
        "type": "LineString",
        "coordinates": [
          [
            126.6292307,
            36.7514315
          ],
          [
            126.6292977,
            36.7511199
          ],
          [
            126.6293916,
            36.750602
          ],
          [
            126.629405,
            36.7504623
          ],
          [
            126.6293862,
            36.7501356
          ],
          [
            126.6293728,
            36.7499487
          ],
          [
            126.6293594,
            36.7497144
          ],
          [
            126.629295,
            36.7495532
          ],
          [
            126.6290268,
            36.7490654
          ],
          [
            126.6287371,
            36.7485796
          ],
          [
            126.6285387,
            36.7483046
          ],
          [
            126.6283724,
            36.7481133
          ],
          [
            126.6282329,
            36.7480316
          ],
          [
            126.6280425,
            36.7479908
          ],
          [
            126.6276669,
            36.7479994
          ],
          [
            126.6275007,
            36.747965
          ],
          [
            126.6271171,
            36.7479241
          ],
          [
            126.6270393,
            36.7479585
          ],
          [
            126.6269669,
            36.7479607
          ],
          [
            126.6269079,
            36.7479284
          ],
          [
            126.6266906,
            36.7475566
          ],
          [
            126.6266236,
            36.747533
          ],
          [
            126.6264251,
            36.7476082
          ],
          [
            126.6263205,
            36.747735
          ],
          [
            126.6262534,
            36.7478188
          ],
          [
            126.6261998,
            36.7478167
          ],
          [
            126.6261676,
            36.7477801
          ],
          [
            126.6261971,
            36.747649
          ],
          [
            126.6261971,
            36.7475287
          ],
          [
            126.6261595,
            36.7474384
          ],
          [
            126.625945,
            36.747245
          ],
          [
            126.6259369,
            36.7471913
          ],
          [
            126.6259503,
            36.7470473
          ],
          [
            126.6259208,
            36.7468646
          ],
          [
            126.6258377,
            36.7467808
          ],
          [
            126.6256982,
            36.7467485
          ],
          [
            126.6255614,
            36.7467614
          ],
          [
            126.6254461,
            36.7467378
          ],
          [
            126.6253307,
            36.7466669
          ]
        ]
      }
    },
    {
      "type": "Feature",
      "properties": {
        "osmType": "way",
        "osmId": 1162500422,
        "name": null,
        "highway": "unclassified",
        "bridge": null,
        "layer": null,
        "surface": "asphalt",
        "source": "OpenStreetMap contributors via Overpass API",
        "verificationLevel": "public-map-geometry-only",
        "trafficStatus": "unknown"
      },
      "geometry": {
        "type": "LineString",
        "coordinates": [
          [
            126.6256454,
            36.7549218
          ],
          [
            126.6258001,
            36.7549313
          ],
          [
            126.6259839,
            36.7549667
          ],
          [
            126.6261448,
            36.7549957
          ],
          [
            126.6262414,
            36.7550075
          ],
          [
            126.6263621,
            36.7550022
          ],
          [
            126.6264398,
            36.7549871
          ],
          [
            126.6270755,
            36.7547808
          ],
          [
            126.6272901,
            36.754697
          ],
          [
            126.6276951,
            36.7544209
          ],
          [
            126.6278306,
            36.7543016
          ],
          [
            126.6279767,
            36.7541501
          ],
          [
            126.628131,
            36.7539191
          ],
          [
            126.6282973,
            36.7536666
          ],
          [
            126.6283227,
            36.7536085
          ],
          [
            126.6283576,
            36.7535161
          ],
          [
            126.6284126,
            36.7532754
          ],
          [
            126.6285199,
            36.7530229
          ],
          [
            126.6286688,
            36.7526286
          ],
          [
            126.6289222,
            36.7520182
          ],
          [
            126.6291395,
            36.7515411
          ],
          [
            126.62918,
            36.751484
          ],
          [
            126.6292307,
            36.7514315
          ]
        ]
      }
    },
    {
      "type": "Feature",
      "properties": {
        "osmType": "way",
        "osmId": 1162500423,
        "name": null,
        "highway": "residential",
        "bridge": null,
        "layer": null,
        "surface": null,
        "source": "OpenStreetMap contributors via Overpass API",
        "verificationLevel": "public-map-geometry-only",
        "trafficStatus": "unknown"
      },
      "geometry": {
        "type": "LineString",
        "coordinates": [
          [
            126.6300734,
            36.7513157
          ],
          [
            126.630171,
            36.7514171
          ],
          [
            126.6302461,
            36.7517566
          ],
          [
            126.630289,
            36.7518813
          ],
          [
            126.6306322,
            36.7523713
          ],
          [
            126.6312759,
            36.7529601
          ]
        ]
      }
    },
    {
      "type": "Feature",
      "properties": {
        "osmType": "way",
        "osmId": 1162500424,
        "name": null,
        "highway": "residential",
        "bridge": null,
        "layer": null,
        "surface": null,
        "source": "OpenStreetMap contributors via Overpass API",
        "verificationLevel": "public-map-geometry-only",
        "trafficStatus": "unknown"
      },
      "geometry": {
        "type": "LineString",
        "coordinates": [
          [
            126.6306322,
            36.7523713
          ],
          [
            126.630289,
            36.7530203
          ],
          [
            126.6299457,
            36.7534071
          ],
          [
            126.6298813,
            36.7535103
          ],
          [
            126.6298223,
            36.7539788
          ],
          [
            126.6299403,
            36.7541378
          ]
        ]
      }
    },
    {
      "type": "Feature",
      "properties": {
        "osmType": "way",
        "osmId": 1162500425,
        "name": null,
        "highway": "residential",
        "bridge": null,
        "layer": null,
        "surface": null,
        "source": "OpenStreetMap contributors via Overpass API",
        "verificationLevel": "public-map-geometry-only",
        "trafficStatus": "unknown"
      },
      "geometry": {
        "type": "LineString",
        "coordinates": [
          [
            126.629281,
            36.7514543
          ],
          [
            126.6292307,
            36.7514315
          ]
        ]
      }
    },
    {
      "type": "Feature",
      "properties": {
        "osmType": "way",
        "osmId": 1162500426,
        "name": null,
        "highway": "residential",
        "bridge": "yes",
        "layer": "1",
        "surface": null,
        "source": "OpenStreetMap contributors via Overpass API",
        "verificationLevel": "public-map-geometry-only",
        "trafficStatus": "unknown"
      },
      "geometry": {
        "type": "LineString",
        "coordinates": [
          [
            126.6293956,
            36.7515085
          ],
          [
            126.629281,
            36.7514543
          ]
        ]
      }
    },
    {
      "type": "Feature",
      "properties": {
        "osmType": "way",
        "osmId": 1162500427,
        "name": null,
        "highway": "residential",
        "bridge": null,
        "layer": null,
        "surface": "asphalt",
        "source": "OpenStreetMap contributors via Overpass API",
        "verificationLevel": "public-map-geometry-only",
        "trafficStatus": "unknown"
      },
      "geometry": {
        "type": "LineString",
        "coordinates": [
          [
            126.6284692,
            36.7605013
          ],
          [
            126.6284291,
            36.7604832
          ],
          [
            126.628355,
            36.7604373
          ],
          [
            126.6283137,
            36.7604019
          ],
          [
            126.6282996,
            36.7603808
          ],
          [
            126.6282874,
            36.7603445
          ],
          [
            126.6282604,
            36.7601624
          ],
          [
            126.6282459,
            36.7601132
          ],
          [
            126.6282319,
            36.7600913
          ],
          [
            126.6281954,
            36.7600564
          ]
        ]
      }
    },
    {
      "type": "Feature",
      "properties": {
        "osmType": "way",
        "osmId": 1162500428,
        "name": null,
        "highway": "residential",
        "bridge": "yes",
        "layer": "1",
        "surface": "asphalt",
        "source": "OpenStreetMap contributors via Overpass API",
        "verificationLevel": "public-map-geometry-only",
        "trafficStatus": "unknown"
      },
      "geometry": {
        "type": "LineString",
        "coordinates": [
          [
            126.6285756,
            36.7605429
          ],
          [
            126.6285426,
            36.7605228
          ],
          [
            126.6284692,
            36.7605013
          ]
        ]
      }
    },
    {
      "type": "Feature",
      "properties": {
        "osmType": "way",
        "osmId": 1162500429,
        "name": null,
        "highway": "residential",
        "bridge": null,
        "layer": null,
        "surface": "asphalt",
        "source": "OpenStreetMap contributors via Overpass API",
        "verificationLevel": "public-map-geometry-only",
        "trafficStatus": "unknown"
      },
      "geometry": {
        "type": "LineString",
        "coordinates": [
          [
            126.6303794,
            36.7613449
          ],
          [
            126.6303568,
            36.7613385
          ],
          [
            126.6303012,
            36.7613227
          ],
          [
            126.6295794,
            36.7613532
          ],
          [
            126.6294426,
            36.7613339
          ],
          [
            126.6293299,
            36.7612694
          ],
          [
            126.6292548,
            36.7611749
          ],
          [
            126.6291985,
            36.7610911
          ],
          [
            126.6291646,
            36.7610274
          ],
          [
            126.6290761,
            36.7610272
          ],
          [
            126.6290065,
            36.7610173
          ],
          [
            126.6288845,
            36.760968
          ],
          [
            126.6288072,
            36.7609192
          ],
          [
            126.6287352,
            36.7608475
          ],
          [
            126.6286634,
            36.7607592
          ],
          [
            126.62864,
            36.7607111
          ],
          [
            126.6285996,
            36.7605857
          ],
          [
            126.6285756,
            36.7605429
          ]
        ]
      }
    },
    {
      "type": "Feature",
      "properties": {
        "osmType": "way",
        "osmId": 1162500430,
        "name": null,
        "highway": "residential",
        "bridge": "yes",
        "layer": "1",
        "surface": "asphalt",
        "source": "OpenStreetMap contributors via Overpass API",
        "verificationLevel": "public-map-geometry-only",
        "trafficStatus": "unknown"
      },
      "geometry": {
        "type": "LineString",
        "coordinates": [
          [
            126.6307059,
            36.7614757
          ],
          [
            126.6303794,
            36.7613449
          ]
        ]
      }
    },
    {
      "type": "Feature",
      "properties": {
        "osmType": "way",
        "osmId": 1162503155,
        "name": null,
        "highway": "track",
        "bridge": null,
        "layer": null,
        "surface": "paved",
        "source": "OpenStreetMap contributors via Overpass API",
        "verificationLevel": "public-map-geometry-only",
        "trafficStatus": "unknown"
      },
      "geometry": {
        "type": "LineString",
        "coordinates": [
          [
            126.6303568,
            36.7613385
          ],
          [
            126.6304146,
            36.7612485
          ],
          [
            126.630467,
            36.7611966
          ],
          [
            126.6305553,
            36.7611502
          ],
          [
            126.6308903,
            36.7610132
          ],
          [
            126.6316321,
            36.7607348
          ],
          [
            126.6317411,
            36.7605979
          ],
          [
            126.6320141,
            36.7605051
          ],
          [
            126.6322884,
            36.7605371
          ],
          [
            126.6325532,
            36.7604598
          ],
          [
            126.6327793,
            36.7604035
          ],
          [
            126.6328579,
            36.7603957
          ],
          [
            126.6329337,
            36.7603957
          ],
          [
            126.6329751,
            36.7604057
          ],
          [
            126.633022,
            36.7604675
          ],
          [
            126.6330509,
            36.7605228
          ],
          [
            126.6330592,
            36.7606089
          ],
          [
            126.6330647,
            36.7606896
          ],
          [
            126.6330895,
            36.7607382
          ],
          [
            126.633164,
            36.7607978
          ],
          [
            126.6331916,
            36.7608376
          ],
          [
            126.6332053,
            36.7608818
          ],
          [
            126.6331985,
            36.7609591
          ],
          [
            126.6331736,
            36.7610717
          ],
          [
            126.6331392,
            36.76118
          ],
          [
            126.6330964,
            36.7612474
          ],
          [
            126.6329889,
            36.7613424
          ],
          [
            126.6329241,
            36.7614098
          ],
          [
            126.632902,
            36.7614694
          ],
          [
            126.6328951,
            36.7615743
          ],
          [
            126.6329296,
            36.761645
          ],
          [
            126.6329778,
            36.7617599
          ],
          [
            126.6330054,
            36.7618229
          ],
          [
            126.6330027,
            36.7618781
          ],
          [
            126.6329985,
            36.7619444
          ],
          [
            126.6329654,
            36.7620074
          ],
          [
            126.6329103,
            36.7620537
          ]
        ]
      }
    },
    {
      "type": "Feature",
      "properties": {
        "osmType": "way",
        "osmId": 1162503156,
        "name": null,
        "highway": "track",
        "bridge": null,
        "layer": null,
        "surface": "concrete",
        "source": "OpenStreetMap contributors via Overpass API",
        "verificationLevel": "public-map-geometry-only",
        "trafficStatus": "unknown"
      },
      "geometry": {
        "type": "LineString",
        "coordinates": [
          [
            126.6362012,
            36.7711911
          ],
          [
            126.6361983,
            36.7714912
          ],
          [
            126.6361224,
            36.7718059
          ],
          [
            126.6362404,
            36.7726134
          ],
          [
            126.6362511,
            36.7729914
          ],
          [
            126.6362833,
            36.7731203
          ],
          [
            126.6363208,
            36.7731976
          ],
          [
            126.6364978,
            36.7734511
          ],
          [
            126.6365622,
            36.7735155
          ],
          [
            126.6367123,
            36.7736229
          ],
          [
            126.6372433,
            36.773915
          ],
          [
            126.637565,
            36.774061
          ],
          [
            126.637679,
            36.7740979
          ],
          [
            126.6378671,
            36.7741503
          ],
          [
            126.6379498,
            36.7742093
          ],
          [
            126.6379185,
            36.7743668
          ],
          [
            126.6378582,
            36.7744258
          ],
          [
            126.6377487,
            36.7744884
          ]
        ]
      }
    },
    {
      "type": "Feature",
      "properties": {
        "osmType": "way",
        "osmId": 1162503157,
        "name": null,
        "highway": "service",
        "bridge": null,
        "layer": null,
        "surface": "asphalt",
        "source": "OpenStreetMap contributors via Overpass API",
        "verificationLevel": "public-map-geometry-only",
        "trafficStatus": "unknown"
      },
      "geometry": {
        "type": "LineString",
        "coordinates": [
          [
            126.6362066,
            36.7710129
          ],
          [
            126.6363179,
            36.7712681
          ],
          [
            126.6362968,
            36.771498
          ],
          [
            126.6362904,
            36.7716971
          ],
          [
            126.636309,
            36.7719521
          ],
          [
            126.6363365,
            36.7723209
          ],
          [
            126.6363981,
            36.7727338
          ],
          [
            126.6364358,
            36.772925
          ],
          [
            126.636507,
            36.7730718
          ],
          [
            126.6366523,
            36.7731813
          ],
          [
            126.6367435,
            36.7732458
          ],
          [
            126.6368991,
            36.7733146
          ],
          [
            126.6373765,
            36.7734263
          ],
          [
            126.6376984,
            36.7734736
          ],
          [
            126.637972,
            36.7734521
          ],
          [
            126.6384601,
            36.7732888
          ],
          [
            126.6393774,
            36.7730266
          ],
          [
            126.6397327,
            36.7729135
          ],
          [
            126.639769,
            36.772902
          ],
          [
            126.6398924,
            36.772816
          ],
          [
            126.639955,
            36.7727401
          ],
          [
            126.6404664,
            36.7722616
          ],
          [
            126.6405576,
            36.7721584
          ],
          [
            126.6404664,
            36.7718877
          ],
          [
            126.6392853,
            36.7695452
          ],
          [
            126.6391043,
            36.7691827
          ],
          [
            126.6382777,
            36.7694422
          ],
          [
            126.6376984,
            36.7696356
          ],
          [
            126.6367781,
            36.769936
          ],
          [
            126.6373765,
            36.771084
          ]
        ]
      }
    },
    {
      "type": "Feature",
      "properties": {
        "osmType": "way",
        "osmId": 1162503158,
        "name": null,
        "highway": "service",
        "bridge": null,
        "layer": null,
        "surface": null,
        "source": "OpenStreetMap contributors via Overpass API",
        "verificationLevel": "public-map-geometry-only",
        "trafficStatus": "unknown"
      },
      "geometry": {
        "type": "LineString",
        "coordinates": [
          [
            126.6376984,
            36.7696356
          ],
          [
            126.6390458,
            36.7723575
          ],
          [
            126.6393774,
            36.7730266
          ]
        ]
      }
    },
    {
      "type": "Feature",
      "properties": {
        "osmType": "way",
        "osmId": 1162503159,
        "name": null,
        "highway": "service",
        "bridge": null,
        "layer": null,
        "surface": null,
        "source": "OpenStreetMap contributors via Overpass API",
        "verificationLevel": "public-map-geometry-only",
        "trafficStatus": "unknown"
      },
      "geometry": {
        "type": "LineString",
        "coordinates": [
          [
            126.639955,
            36.7727401
          ],
          [
            126.6398633,
            36.7725636
          ],
          [
            126.6396528,
            36.7721583
          ],
          [
            126.6384715,
            36.7698249
          ],
          [
            126.6382777,
            36.7694422
          ]
        ]
      }
    },
    {
      "type": "Feature",
      "properties": {
        "osmType": "way",
        "osmId": 1162503160,
        "name": null,
        "highway": "service",
        "bridge": null,
        "layer": null,
        "surface": null,
        "source": "OpenStreetMap contributors via Overpass API",
        "verificationLevel": "public-map-geometry-only",
        "trafficStatus": "unknown"
      },
      "geometry": {
        "type": "LineString",
        "coordinates": [
          [
            126.6384601,
            36.7732888
          ],
          [
            126.638155,
            36.7726521
          ],
          [
            126.6390458,
            36.7723575
          ],
          [
            126.6396528,
            36.7721583
          ],
          [
            126.6404664,
            36.7718877
          ]
        ]
      }
    },
    {
      "type": "Feature",
      "properties": {
        "osmType": "way",
        "osmId": 1162503161,
        "name": null,
        "highway": "service",
        "bridge": null,
        "layer": null,
        "surface": null,
        "source": "OpenStreetMap contributors via Overpass API",
        "verificationLevel": "public-map-geometry-only",
        "trafficStatus": "unknown"
      },
      "geometry": {
        "type": "LineString",
        "coordinates": [
          [
            126.6397327,
            36.7729135
          ],
          [
            126.6396126,
            36.7726574
          ],
          [
            126.6398633,
            36.7725636
          ]
        ]
      }
    },
    {
      "type": "Feature",
      "properties": {
        "osmType": "way",
        "osmId": 1162503162,
        "name": null,
        "highway": "service",
        "bridge": null,
        "layer": null,
        "surface": null,
        "source": "OpenStreetMap contributors via Overpass API",
        "verificationLevel": "public-map-geometry-only",
        "trafficStatus": "unknown"
      },
      "geometry": {
        "type": "LineString",
        "coordinates": [
          [
            126.6392853,
            36.7695452
          ],
          [
            126.6384715,
            36.7698249
          ]
        ]
      }
    },
    {
      "type": "Feature",
      "properties": {
        "osmType": "way",
        "osmId": 1162503163,
        "name": null,
        "highway": "tertiary",
        "bridge": null,
        "layer": null,
        "surface": "asphalt",
        "source": "OpenStreetMap contributors via Overpass API",
        "verificationLevel": "public-map-geometry-only",
        "trafficStatus": "unknown"
      },
      "geometry": {
        "type": "LineString",
        "coordinates": [
          [
            126.6309632,
            36.7661616
          ],
          [
            126.6311992,
            36.7663291
          ],
          [
            126.6317516,
            36.7666427
          ],
          [
            126.6319554,
            36.7666985
          ],
          [
            126.63232,
            36.7667415
          ],
          [
            126.6325614,
            36.7668102
          ],
          [
            126.6328515,
            36.7670112
          ],
          [
            126.633196,
            36.7672517
          ],
          [
            126.6333526,
            36.7674569
          ],
          [
            126.6334522,
            36.7676214
          ],
          [
            126.6334969,
            36.7677028
          ],
          [
            126.6335463,
            36.7677875
          ],
          [
            126.6335474,
            36.7678055
          ]
        ]
      }
    },
    {
      "type": "Feature",
      "properties": {
        "osmType": "way",
        "osmId": 1162503164,
        "name": null,
        "highway": "tertiary",
        "bridge": "yes",
        "layer": "1",
        "surface": "asphalt",
        "source": "OpenStreetMap contributors via Overpass API",
        "verificationLevel": "public-map-geometry-only",
        "trafficStatus": "unknown"
      },
      "geometry": {
        "type": "LineString",
        "coordinates": [
          [
            126.6335474,
            36.7678055
          ],
          [
            126.6335433,
            36.7679021
          ]
        ]
      }
    },
    {
      "type": "Feature",
      "properties": {
        "osmType": "way",
        "osmId": 1162503165,
        "name": null,
        "highway": "residential",
        "bridge": null,
        "layer": null,
        "surface": null,
        "source": "OpenStreetMap contributors via Overpass API",
        "verificationLevel": "public-map-geometry-only",
        "trafficStatus": "unknown"
      },
      "geometry": {
        "type": "LineString",
        "coordinates": [
          [
            126.62796,
            36.7734
          ],
          [
            126.6277957,
            36.7733103
          ],
          [
            126.6277527,
            36.7732286
          ],
          [
            126.6276079,
            36.7724335
          ],
          [
            126.6274416,
            36.7720639
          ],
          [
            126.6272056,
            36.7717458
          ]
        ]
      }
    },
    {
      "type": "Feature",
      "properties": {
        "osmType": "way",
        "osmId": 1164792571,
        "name": null,
        "highway": "residential",
        "bridge": null,
        "layer": null,
        "surface": null,
        "source": "OpenStreetMap contributors via Overpass API",
        "verificationLevel": "public-map-geometry-only",
        "trafficStatus": "unknown"
      },
      "geometry": {
        "type": "LineString",
        "coordinates": [
          [
            126.6401714,
            36.7875087
          ],
          [
            126.6401083,
            36.7874947
          ],
          [
            126.6398832,
            36.7875075
          ],
          [
            126.6395026,
            36.7876149
          ]
        ]
      }
    },
    {
      "type": "Feature",
      "properties": {
        "osmType": "way",
        "osmId": 1164792572,
        "name": null,
        "highway": "track",
        "bridge": null,
        "layer": null,
        "surface": "paved",
        "source": "OpenStreetMap contributors via Overpass API",
        "verificationLevel": "public-map-geometry-only",
        "trafficStatus": "unknown"
      },
      "geometry": {
        "type": "LineString",
        "coordinates": [
          [
            126.6443725,
            36.7743344
          ],
          [
            126.6447051,
            36.7748411
          ],
          [
            126.6447373,
            36.7752318
          ],
          [
            126.6447909,
            36.7753134
          ],
          [
            126.6448552,
            36.7753735
          ],
          [
            126.6451127,
            36.7755496
          ],
          [
            126.6453272,
            36.7756398
          ],
          [
            126.6456758,
            36.7757471
          ],
          [
            126.6459226,
            36.776009
          ],
          [
            126.6461049,
            36.7761379
          ],
          [
            126.6463034,
            36.7762796
          ],
          [
            126.6464428,
            36.7764728
          ],
          [
            126.6466895,
            36.7768807
          ],
          [
            126.6467968,
            36.7769451
          ],
          [
            126.6476657,
            36.7769795
          ],
          [
            126.6477086,
            36.7769924
          ],
          [
            126.6482074,
            36.7769967
          ],
          [
            126.6486854,
            36.7770353
          ]
        ]
      }
    },
    {
      "type": "Feature",
      "properties": {
        "osmType": "way",
        "osmId": 1164792577,
        "name": null,
        "highway": "track",
        "bridge": null,
        "layer": null,
        "surface": "paved",
        "source": "OpenStreetMap contributors via Overpass API",
        "verificationLevel": "public-map-geometry-only",
        "trafficStatus": "unknown"
      },
      "geometry": {
        "type": "LineString",
        "coordinates": [
          [
            126.6441686,
            36.7703155
          ],
          [
            126.6444898,
            36.7713332
          ],
          [
            126.6443771,
            36.7715352
          ],
          [
            126.644125,
            36.7718791
          ],
          [
            126.6439587,
            36.7722745
          ],
          [
            126.6440231,
            36.7725452
          ],
          [
            126.6440338,
            36.7732974
          ],
          [
            126.6442489,
            36.7736387
          ],
          [
            126.6442496,
            36.7739816
          ],
          [
            126.6442908,
            36.774141
          ],
          [
            126.6443046,
            36.7741737
          ],
          [
            126.6443725,
            36.7743344
          ]
        ]
      }
    },
    {
      "type": "Feature",
      "properties": {
        "osmType": "way",
        "osmId": 1164792578,
        "name": null,
        "highway": "residential",
        "bridge": null,
        "layer": null,
        "surface": null,
        "source": "OpenStreetMap contributors via Overpass API",
        "verificationLevel": "public-map-geometry-only",
        "trafficStatus": "unknown"
      },
      "geometry": {
        "type": "LineString",
        "coordinates": [
          [
            126.6429059,
            36.7731255
          ],
          [
            126.6425479,
            36.7734091
          ],
          [
            126.642285,
            36.7735725
          ],
          [
            126.6420758,
            36.7736369
          ],
          [
            126.6418827,
            36.7736713
          ]
        ]
      }
    },
    {
      "type": "Feature",
      "properties": {
        "osmType": "way",
        "osmId": 1164792579,
        "name": null,
        "highway": "track",
        "bridge": null,
        "layer": null,
        "surface": "paved",
        "source": "OpenStreetMap contributors via Overpass API",
        "verificationLevel": "public-map-geometry-only",
        "trafficStatus": "unknown"
      },
      "geometry": {
        "type": "LineString",
        "coordinates": [
          [
            126.6439587,
            36.7722745
          ],
          [
            126.6433529,
            36.7721842
          ]
        ]
      }
    },
    {
      "type": "Feature",
      "properties": {
        "osmType": "way",
        "osmId": 1164792580,
        "name": null,
        "highway": "track",
        "bridge": null,
        "layer": null,
        "surface": "paved",
        "source": "OpenStreetMap contributors via Overpass API",
        "verificationLevel": "public-map-geometry-only",
        "trafficStatus": "unknown"
      },
      "geometry": {
        "type": "LineString",
        "coordinates": [
          [
            126.6443725,
            36.7743344
          ],
          [
            126.6435742,
            36.7745705
          ]
        ]
      }
    },
    {
      "type": "Feature",
      "properties": {
        "osmType": "way",
        "osmId": 1164792581,
        "name": null,
        "highway": "track",
        "bridge": null,
        "layer": null,
        "surface": "paved",
        "source": "OpenStreetMap contributors via Overpass API",
        "verificationLevel": "public-map-geometry-only",
        "trafficStatus": "unknown"
      },
      "geometry": {
        "type": "LineString",
        "coordinates": [
          [
            126.6443046,
            36.7741737
          ],
          [
            126.6446995,
            36.7740972
          ],
          [
            126.6447998,
            36.7740748
          ],
          [
            126.6448351,
            36.7740669
          ],
          [
            126.644946,
            36.7740282
          ],
          [
            126.6450686,
            36.773976
          ],
          [
            126.645276,
            36.7738349
          ],
          [
            126.6453322,
            36.7737897
          ],
          [
            126.6455891,
            36.7735831
          ],
          [
            126.6456321,
            36.7735716
          ],
          [
            126.6457561,
            36.7736029
          ]
        ]
      }
    },
    {
      "type": "Feature",
      "properties": {
        "osmType": "way",
        "osmId": 1164792582,
        "name": null,
        "highway": "track",
        "bridge": null,
        "layer": null,
        "surface": "paved",
        "source": "OpenStreetMap contributors via Overpass API",
        "verificationLevel": "public-map-geometry-only",
        "trafficStatus": "unknown"
      },
      "geometry": {
        "type": "LineString",
        "coordinates": [
          [
            126.6447998,
            36.7740748
          ],
          [
            126.6448813,
            36.7741591
          ],
          [
            126.6449564,
            36.774214
          ],
          [
            126.6450657,
            36.774267
          ],
          [
            126.645195,
            36.7743245
          ],
          [
            126.6451751,
            36.7743803
          ]
        ]
      }
    },
    {
      "type": "Feature",
      "properties": {
        "osmType": "way",
        "osmId": 1164792586,
        "name": null,
        "highway": "track",
        "bridge": null,
        "layer": null,
        "surface": "paved",
        "source": "OpenStreetMap contributors via Overpass API",
        "verificationLevel": "public-map-geometry-only",
        "trafficStatus": "unknown"
      },
      "geometry": {
        "type": "LineString",
        "coordinates": [
          [
            126.6439855,
            36.7697172
          ],
          [
            126.6441686,
            36.7703155
          ]
        ]
      }
    },
    {
      "type": "Feature",
      "properties": {
        "osmType": "way",
        "osmId": 1164792587,
        "name": null,
        "highway": "residential",
        "bridge": null,
        "layer": null,
        "surface": null,
        "source": "OpenStreetMap contributors via Overpass API",
        "verificationLevel": "public-map-geometry-only",
        "trafficStatus": "unknown"
      },
      "geometry": {
        "type": "LineString",
        "coordinates": [
          [
            126.6413784,
            36.7695587
          ],
          [
            126.6414374,
            36.7694514
          ],
          [
            126.6415125,
            36.7692924
          ],
          [
            126.6416145,
            36.769185
          ],
          [
            126.6416958,
            36.769099
          ]
        ]
      }
    },
    {
      "type": "Feature",
      "properties": {
        "osmType": "way",
        "osmId": 1164792588,
        "name": null,
        "highway": "track",
        "bridge": null,
        "layer": null,
        "surface": "paved",
        "source": "OpenStreetMap contributors via Overpass API",
        "verificationLevel": "public-map-geometry-only",
        "trafficStatus": "unknown"
      },
      "geometry": {
        "type": "LineString",
        "coordinates": [
          [
            126.6439855,
            36.7697172
          ],
          [
            126.6434545,
            36.769339
          ],
          [
            126.6430985,
            36.7690053
          ],
          [
            126.6429493,
            36.7687369
          ],
          [
            126.6428204,
            36.7685305
          ],
          [
            126.6426316,
            36.7682448
          ],
          [
            126.6424812,
            36.7680471
          ],
          [
            126.6421718,
            36.7677441
          ],
          [
            126.6421417,
            36.7676013
          ],
          [
            126.6420794,
            36.7673861
          ],
          [
            126.6420436,
            36.7673362
          ],
          [
            126.6419391,
            36.7672845
          ],
          [
            126.6418996,
            36.767265
          ],
          [
            126.6418022,
            36.7669537
          ],
          [
            126.6414857,
            36.7667602
          ],
          [
            126.6414482,
            36.7667259
          ],
          [
            126.6411102,
            36.7665539
          ],
          [
            126.6409976,
            36.7664637
          ],
          [
            126.6408956,
            36.7663433
          ],
          [
            126.6407454,
            36.7662402
          ],
          [
            126.6404075,
            36.7661199
          ],
          [
            126.6398335,
            36.7660038
          ],
          [
            126.6389573,
            36.7656055
          ]
        ]
      }
    },
    {
      "type": "Feature",
      "properties": {
        "osmType": "way",
        "osmId": 1164792589,
        "name": null,
        "highway": "track",
        "bridge": null,
        "layer": null,
        "surface": "paved",
        "source": "OpenStreetMap contributors via Overpass API",
        "verificationLevel": "public-map-geometry-only",
        "trafficStatus": "unknown"
      },
      "geometry": {
        "type": "LineString",
        "coordinates": [
          [
            126.6439855,
            36.7697172
          ],
          [
            126.6441572,
            36.7696699
          ],
          [
            126.6447205,
            36.7694421
          ],
          [
            126.6454554,
            36.7689909
          ],
          [
            126.6457504,
            36.7688705
          ],
          [
            126.6461464,
            36.7688856
          ]
        ]
      }
    },
    {
      "type": "Feature",
      "properties": {
        "osmType": "way",
        "osmId": 1164792590,
        "name": null,
        "highway": "residential",
        "bridge": null,
        "layer": null,
        "surface": "paved",
        "source": "OpenStreetMap contributors via Overpass API",
        "verificationLevel": "public-map-geometry-only",
        "trafficStatus": "unknown"
      },
      "geometry": {
        "type": "LineString",
        "coordinates": [
          [
            126.6465691,
            36.7693274
          ],
          [
            126.6461322,
            36.7695034
          ],
          [
            126.6456509,
            36.7697782
          ],
          [
            126.6453551,
            36.7699085
          ],
          [
            126.6451675,
            36.7699943
          ],
          [
            126.644803,
            36.7700974
          ],
          [
            126.6443473,
            36.770281
          ]
        ]
      }
    },
    {
      "type": "Feature",
      "properties": {
        "osmType": "way",
        "osmId": 1164792591,
        "name": null,
        "highway": "track",
        "bridge": null,
        "layer": null,
        "surface": "paved",
        "source": "OpenStreetMap contributors via Overpass API",
        "verificationLevel": "public-map-geometry-only",
        "trafficStatus": "unknown"
      },
      "geometry": {
        "type": "LineString",
        "coordinates": [
          [
            126.6410241,
            36.7674361
          ],
          [
            126.6413141,
            36.7673958
          ],
          [
            126.6419071,
            36.7673114
          ],
          [
            126.6419391,
            36.7672845
          ],
          [
            126.6419715,
            36.7672021
          ],
          [
            126.6421896,
            36.7670911
          ],
          [
            126.6422812,
            36.7670682
          ],
          [
            126.64231,
            36.767061
          ],
          [
            126.6424099,
            36.7670438
          ],
          [
            126.6424802,
            36.7670317
          ],
          [
            126.6426035,
            36.7670092
          ]
        ]
      }
    },
    {
      "type": "Feature",
      "properties": {
        "osmType": "way",
        "osmId": 1164795128,
        "name": null,
        "highway": "service",
        "bridge": null,
        "layer": null,
        "surface": null,
        "source": "OpenStreetMap contributors via Overpass API",
        "verificationLevel": "public-map-geometry-only",
        "trafficStatus": "unknown"
      },
      "geometry": {
        "type": "LineString",
        "coordinates": [
          [
            126.6382788,
            36.7672588
          ],
          [
            126.6383914,
            36.7671299
          ],
          [
            126.638484,
            36.7670295
          ]
        ]
      }
    },
    {
      "type": "Feature",
      "properties": {
        "osmType": "way",
        "osmId": 1164795129,
        "name": null,
        "highway": "service",
        "bridge": null,
        "layer": null,
        "surface": null,
        "source": "OpenStreetMap contributors via Overpass API",
        "verificationLevel": "public-map-geometry-only",
        "trafficStatus": "unknown"
      },
      "geometry": {
        "type": "LineString",
        "coordinates": [
          [
            126.6379469,
            36.7675228
          ],
          [
            126.6379659,
            36.7674606
          ],
          [
            126.6379659,
            36.7673921
          ],
          [
            126.6379627,
            36.7673097
          ],
          [
            126.6379627,
            36.7671891
          ],
          [
            126.6380071,
            36.7670902
          ],
          [
            126.6380673,
            36.7670331
          ],
          [
            126.6382804,
            36.7668254
          ]
        ]
      }
    },
    {
      "type": "Feature",
      "properties": {
        "osmType": "way",
        "osmId": 1164795130,
        "name": "와우현1길",
        "highway": "residential",
        "bridge": null,
        "layer": null,
        "surface": null,
        "source": "OpenStreetMap contributors via Overpass API",
        "verificationLevel": "public-map-geometry-only",
        "trafficStatus": "unknown"
      },
      "geometry": {
        "type": "LineString",
        "coordinates": [
          [
            126.6335463,
            36.7677875
          ],
          [
            126.6336876,
            36.7678051
          ],
          [
            126.6341992,
            36.7677797
          ],
          [
            126.635134,
            36.7677819
          ],
          [
            126.6356069,
            36.76772
          ],
          [
            126.6362426,
            36.7675521
          ],
          [
            126.6364058,
            36.7675326
          ]
        ]
      }
    },
    {
      "type": "Feature",
      "properties": {
        "osmType": "way",
        "osmId": 1164795131,
        "name": "와우현1길",
        "highway": "residential",
        "bridge": "yes",
        "layer": "1",
        "surface": null,
        "source": "OpenStreetMap contributors via Overpass API",
        "verificationLevel": "public-map-geometry-only",
        "trafficStatus": "unknown"
      },
      "geometry": {
        "type": "LineString",
        "coordinates": [
          [
            126.6364058,
            36.7675326
          ],
          [
            126.6365487,
            36.7675212
          ]
        ]
      }
    },
    {
      "type": "Feature",
      "properties": {
        "osmType": "way",
        "osmId": 1164795132,
        "name": null,
        "highway": "residential",
        "bridge": null,
        "layer": null,
        "surface": null,
        "source": "OpenStreetMap contributors via Overpass API",
        "verificationLevel": "public-map-geometry-only",
        "trafficStatus": "unknown"
      },
      "geometry": {
        "type": "LineString",
        "coordinates": [
          [
            126.6357376,
            36.7616117
          ],
          [
            126.6358867,
            36.7620455
          ],
          [
            126.6361763,
            36.7625397
          ],
          [
            126.6363265,
            36.7630383
          ],
          [
            126.6361441,
            36.7636787
          ],
          [
            126.6361441,
            36.7641643
          ],
          [
            126.6362675,
            36.7646285
          ],
          [
            126.6363855,
            36.7647188
          ],
          [
            126.6364766,
            36.7648692
          ],
          [
            126.6365732,
            36.7650841
          ],
          [
            126.636954,
            36.765213
          ],
          [
            126.6370988,
            36.7653892
          ],
          [
            126.6372222,
            36.765819
          ],
          [
            126.6372168,
            36.7659652
          ],
          [
            126.6371632,
            36.7662961
          ],
          [
            126.6371739,
            36.7664422
          ],
          [
            126.6372114,
            36.7664938
          ],
          [
            126.6376887,
            36.7665796
          ]
        ]
      }
    },
    {
      "type": "Feature",
      "properties": {
        "osmType": "way",
        "osmId": 1164795133,
        "name": null,
        "highway": "residential",
        "bridge": null,
        "layer": null,
        "surface": null,
        "source": "OpenStreetMap contributors via Overpass API",
        "verificationLevel": "public-map-geometry-only",
        "trafficStatus": "unknown"
      },
      "geometry": {
        "type": "LineString",
        "coordinates": [
          [
            126.6378722,
            36.7666919
          ],
          [
            126.637925,
            36.7667534
          ]
        ]
      }
    },
    {
      "type": "Feature",
      "properties": {
        "osmType": "way",
        "osmId": 1164795134,
        "name": null,
        "highway": "residential",
        "bridge": "yes",
        "layer": "1",
        "surface": null,
        "source": "OpenStreetMap contributors via Overpass API",
        "verificationLevel": "public-map-geometry-only",
        "trafficStatus": "unknown"
      },
      "geometry": {
        "type": "LineString",
        "coordinates": [
          [
            126.6376887,
            36.7665796
          ],
          [
            126.6377894,
            36.7666164
          ]
        ]
      }
    },
    {
      "type": "Feature",
      "properties": {
        "osmType": "way",
        "osmId": 1164795135,
        "name": null,
        "highway": "track",
        "bridge": null,
        "layer": null,
        "surface": "paved",
        "source": "OpenStreetMap contributors via Overpass API",
        "verificationLevel": "public-map-geometry-only",
        "trafficStatus": "unknown"
      },
      "geometry": {
        "type": "LineString",
        "coordinates": [
          [
            126.6371256,
            36.7627589
          ],
          [
            126.6371125,
            36.7627635
          ],
          [
            126.6363265,
            36.7630383
          ]
        ]
      }
    },
    {
      "type": "Feature",
      "properties": {
        "osmType": "way",
        "osmId": 1164795136,
        "name": null,
        "highway": "track",
        "bridge": null,
        "layer": null,
        "surface": "paved",
        "source": "OpenStreetMap contributors via Overpass API",
        "verificationLevel": "public-map-geometry-only",
        "trafficStatus": "unknown"
      },
      "geometry": {
        "type": "LineString",
        "coordinates": [
          [
            126.6371256,
            36.7627589
          ],
          [
            126.6375852,
            36.7625784
          ]
        ]
      }
    },
    {
      "type": "Feature",
      "properties": {
        "osmType": "way",
        "osmId": 1164795137,
        "name": null,
        "highway": "track",
        "bridge": null,
        "layer": null,
        "surface": "paved",
        "source": "OpenStreetMap contributors via Overpass API",
        "verificationLevel": "public-map-geometry-only",
        "trafficStatus": "unknown"
      },
      "geometry": {
        "type": "LineString",
        "coordinates": [
          [
            126.6366954,
            36.760923
          ],
          [
            126.6365586,
            36.7611603
          ],
          [
            126.6365117,
            36.7612964
          ],
          [
            126.6364992,
            36.7614131
          ],
          [
            126.6365218,
            36.7615298
          ],
          [
            126.6365988,
            36.76168
          ],
          [
            126.6366549,
            36.7617464
          ],
          [
            126.6366791,
            36.7617826
          ],
          [
            126.6366758,
            36.7618302
          ],
          [
            126.6366364,
            36.7619644
          ],
          [
            126.6366281,
            36.7620415
          ],
          [
            126.6366524,
            36.7621313
          ],
          [
            126.6367344,
            36.7623151
          ],
          [
            126.636829,
            36.762468
          ],
          [
            126.6371125,
            36.7627635
          ],
          [
            126.6371822,
            36.7628361
          ],
          [
            126.637255,
            36.7629173
          ],
          [
            126.6372877,
            36.7629743
          ],
          [
            126.6372952,
            36.7630407
          ],
          [
            126.6373053,
            36.7631413
          ],
          [
            126.6373245,
            36.763203
          ],
          [
            126.6373689,
            36.7632533
          ],
          [
            126.6374492,
            36.7633243
          ],
          [
            126.6376744,
            36.7634524
          ],
          [
            126.6377456,
            36.7635134
          ],
          [
            126.6378159,
            36.7635825
          ],
          [
            126.637872,
            36.7636871
          ],
          [
            126.6379707,
            36.7639111
          ],
          [
            126.6381154,
            36.7643076
          ],
          [
            126.6381333,
            36.7643989
          ],
          [
            126.6381366,
            36.7645189
          ],
          [
            126.6380844,
            36.7647785
          ],
          [
            126.638073,
            36.7648985
          ],
          [
            126.6380812,
            36.7651803
          ],
          [
            126.6380901,
            36.7654419
          ],
          [
            126.6382188,
            36.7657321
          ],
          [
            126.6382733,
            36.765783
          ],
          [
            126.6383458,
            36.7658058
          ]
        ]
      }
    },
    {
      "type": "Feature",
      "properties": {
        "osmType": "way",
        "osmId": 1164795138,
        "name": null,
        "highway": "residential",
        "bridge": null,
        "layer": null,
        "surface": null,
        "source": "OpenStreetMap contributors via Overpass API",
        "verificationLevel": "public-map-geometry-only",
        "trafficStatus": "unknown"
      },
      "geometry": {
        "type": "LineString",
        "coordinates": [
          [
            126.636954,
            36.765213
          ],
          [
            126.6369266,
            36.7647511
          ]
        ]
      }
    },
    {
      "type": "Feature",
      "properties": {
        "osmType": "way",
        "osmId": 1164795139,
        "name": null,
        "highway": "residential",
        "bridge": null,
        "layer": null,
        "surface": null,
        "source": "OpenStreetMap contributors via Overpass API",
        "verificationLevel": "public-map-geometry-only",
        "trafficStatus": "unknown"
      },
      "geometry": {
        "type": "LineString",
        "coordinates": [
          [
            126.6362675,
            36.7646285
          ],
          [
            126.6360667,
            36.7648605
          ],
          [
            126.6360486,
            36.7649291
          ],
          [
            126.6360454,
            36.7650142
          ],
          [
            126.6360216,
            36.7651385
          ],
          [
            126.6360074,
            36.7651816
          ],
          [
            126.6360517,
            36.7652438
          ],
          [
            126.6361293,
            36.7652793
          ]
        ]
      }
    },
    {
      "type": "Feature",
      "properties": {
        "osmType": "way",
        "osmId": 1164795140,
        "name": null,
        "highway": "residential",
        "bridge": null,
        "layer": null,
        "surface": null,
        "source": "OpenStreetMap contributors via Overpass API",
        "verificationLevel": "public-map-geometry-only",
        "trafficStatus": "unknown"
      },
      "geometry": {
        "type": "LineString",
        "coordinates": [
          [
            126.63411,
            36.7589
          ],
          [
            126.6345403,
            36.759101
          ],
          [
            126.6346424,
            36.7591487
          ],
          [
            126.6351841,
            36.759196
          ],
          [
            126.6356132,
            36.7592819
          ]
        ]
      }
    },
    {
      "type": "Feature",
      "properties": {
        "osmType": "way",
        "osmId": 1164795141,
        "name": null,
        "highway": "residential",
        "bridge": null,
        "layer": null,
        "surface": null,
        "source": "OpenStreetMap contributors via Overpass API",
        "verificationLevel": "public-map-geometry-only",
        "trafficStatus": "unknown"
      },
      "geometry": {
        "type": "LineString",
        "coordinates": [
          [
            126.6355426,
            36.7598493
          ],
          [
            126.6355855,
            36.7604252
          ],
          [
            126.6357624,
            36.7607261
          ],
          [
            126.6359661,
            36.760971
          ],
          [
            126.6360396,
            36.7613105
          ]
        ]
      }
    },
    {
      "type": "Feature",
      "properties": {
        "osmType": "way",
        "osmId": 1164795142,
        "name": null,
        "highway": "service",
        "bridge": null,
        "layer": null,
        "surface": null,
        "source": "OpenStreetMap contributors via Overpass API",
        "verificationLevel": "public-map-geometry-only",
        "trafficStatus": "unknown"
      },
      "geometry": {
        "type": "LineString",
        "coordinates": [
          [
            126.6345403,
            36.759101
          ],
          [
            126.6344035,
            36.7593792
          ],
          [
            126.6343381,
            36.7596459
          ],
          [
            126.6343324,
            36.7597328
          ]
        ]
      }
    },
    {
      "type": "Feature",
      "properties": {
        "osmType": "way",
        "osmId": 1164795143,
        "name": null,
        "highway": "track",
        "bridge": null,
        "layer": null,
        "surface": null,
        "source": "OpenStreetMap contributors via Overpass API",
        "verificationLevel": "public-map-geometry-only",
        "trafficStatus": "unknown"
      },
      "geometry": {
        "type": "LineString",
        "coordinates": [
          [
            126.6424099,
            36.7670438
          ],
          [
            126.6425856,
            36.7671554
          ],
          [
            126.6426688,
            36.7672738
          ],
          [
            126.6427304,
            36.7673454
          ]
        ]
      }
    },
    {
      "type": "Feature",
      "properties": {
        "osmType": "way",
        "osmId": 1164795144,
        "name": null,
        "highway": "track",
        "bridge": null,
        "layer": null,
        "surface": "paved",
        "source": "OpenStreetMap contributors via Overpass API",
        "verificationLevel": "public-map-geometry-only",
        "trafficStatus": "unknown"
      },
      "geometry": {
        "type": "LineString",
        "coordinates": [
          [
            126.6422812,
            36.7670682
          ],
          [
            126.6421928,
            36.766795
          ],
          [
            126.6422174,
            36.7666938
          ],
          [
            126.6422806,
            36.7665544
          ],
          [
            126.6422821,
            36.7664519
          ]
        ]
      }
    },
    {
      "type": "Feature",
      "properties": {
        "osmType": "way",
        "osmId": 1164795145,
        "name": null,
        "highway": "residential",
        "bridge": null,
        "layer": null,
        "surface": null,
        "source": "OpenStreetMap contributors via Overpass API",
        "verificationLevel": "public-map-geometry-only",
        "trafficStatus": "unknown"
      },
      "geometry": {
        "type": "LineString",
        "coordinates": [
          [
            126.6378225,
            36.7666432
          ],
          [
            126.6378333,
            36.766578
          ],
          [
            126.6383458,
            36.7658058
          ],
          [
            126.6384215,
            36.7658025
          ],
          [
            126.6385029,
            36.765796
          ],
          [
            126.6386202,
            36.7657634
          ],
          [
            126.6389573,
            36.7656055
          ],
          [
            126.639212,
            36.7654473
          ],
          [
            126.6394832,
            36.7653304
          ],
          [
            126.6398648,
            36.7651521
          ],
          [
            126.6400911,
            36.7650547
          ],
          [
            126.640295,
            36.7649783
          ],
          [
            126.6405831,
            36.7647595
          ],
          [
            126.6408898,
            36.7646082
          ],
          [
            126.6410283,
            36.7645108
          ],
          [
            126.641105,
            36.7644074
          ],
          [
            126.6411218,
            36.764304
          ],
          [
            126.6411142,
            36.7642749
          ],
          [
            126.6409875,
            36.7637862
          ],
          [
            126.6408535,
            36.7636143
          ],
          [
            126.6406927,
            36.7635412
          ],
          [
            126.6406284,
            36.763481
          ],
          [
            126.6404783,
            36.7632876
          ],
          [
            126.6403174,
            36.7632017
          ],
          [
            126.6402853,
            36.7631501
          ],
          [
            126.6402853,
            36.7630942
          ],
          [
            126.6403118,
            36.7630573
          ],
          [
            126.6403735,
            36.7630191
          ],
          [
            126.6404249,
            36.7629921
          ],
          [
            126.6405343,
            36.7629726
          ],
          [
            126.640669,
            36.7629681
          ],
          [
            126.6408392,
            36.7629869
          ],
          [
            126.6410076,
            36.7630101
          ],
          [
            126.6411774,
            36.7630013
          ],
          [
            126.6412672,
            36.7629745
          ],
          [
            126.641329,
            36.7629363
          ],
          [
            126.6413699,
            36.7628858
          ],
          [
            126.6413966,
            36.7628289
          ],
          [
            126.6413915,
            36.7627775
          ],
          [
            126.641366,
            36.7627116
          ],
          [
            126.6413489,
            36.7625665
          ],
          [
            126.6413472,
            36.7625037
          ],
          [
            126.6413796,
            36.7624514
          ],
          [
            126.6414086,
            36.7624159
          ],
          [
            126.6415085,
            36.762294
          ],
          [
            126.6416027,
            36.7621334
          ],
          [
            126.6417787,
            36.7619647
          ],
          [
            126.6418156,
            36.7619296
          ],
          [
            126.6418304,
            36.7619005
          ],
          [
            126.641844,
            36.7618432
          ],
          [
            126.6418679,
            36.7617713
          ],
          [
            126.6418883,
            36.7617195
          ],
          [
            126.6419207,
            36.7616886
          ],
          [
            126.6419882,
            36.7616513
          ],
          [
            126.6420788,
            36.7616254
          ],
          [
            126.6421395,
            36.7615944
          ],
          [
            126.6421981,
            36.7615254
          ],
          [
            126.64225,
            36.7614184
          ],
          [
            126.6423196,
            36.7613299
          ],
          [
            126.6423846,
            36.7612854
          ],
          [
            126.6427459,
            36.7610355
          ],
          [
            126.6433571,
            36.7604552
          ],
          [
            126.6437485,
            36.7599352
          ],
          [
            126.6437002,
            36.7596801
          ]
        ]
      }
    },
    {
      "type": "Feature",
      "properties": {
        "osmType": "way",
        "osmId": 1164795146,
        "name": null,
        "highway": "track",
        "bridge": null,
        "layer": null,
        "surface": "paved",
        "source": "OpenStreetMap contributors via Overpass API",
        "verificationLevel": "public-map-geometry-only",
        "trafficStatus": "unknown"
      },
      "geometry": {
        "type": "LineString",
        "coordinates": [
          [
            126.6411142,
            36.7642749
          ],
          [
            126.6420372,
            36.7639772
          ],
          [
            126.6423047,
            36.7639349
          ],
          [
            126.6424593,
            36.763932
          ],
          [
            126.642956,
            36.7638227
          ]
        ]
      }
    },
    {
      "type": "Feature",
      "properties": {
        "osmType": "way",
        "osmId": 1164795147,
        "name": null,
        "highway": "track",
        "bridge": null,
        "layer": null,
        "surface": "paved",
        "source": "OpenStreetMap contributors via Overpass API",
        "verificationLevel": "public-map-geometry-only",
        "trafficStatus": "unknown"
      },
      "geometry": {
        "type": "LineString",
        "coordinates": [
          [
            126.6414086,
            36.7624159
          ],
          [
            126.6415183,
            36.7623777
          ],
          [
            126.6416369,
            36.7622573
          ],
          [
            126.6417725,
            36.7621734
          ],
          [
            126.6419204,
            36.7621136
          ],
          [
            126.642113,
            36.7620704
          ],
          [
            126.642294,
            36.7620654
          ]
        ]
      }
    },
    {
      "type": "Feature",
      "properties": {
        "osmType": "way",
        "osmId": 1164795158,
        "name": null,
        "highway": "residential",
        "bridge": null,
        "layer": null,
        "surface": null,
        "source": "OpenStreetMap contributors via Overpass API",
        "verificationLevel": "public-map-geometry-only",
        "trafficStatus": "unknown"
      },
      "geometry": {
        "type": "LineString",
        "coordinates": [
          [
            126.6433571,
            36.7604552
          ],
          [
            126.6434437,
            36.7605971
          ],
          [
            126.6435349,
            36.7607346
          ],
          [
            126.6435939,
            36.7607776
          ],
          [
            126.6436475,
            36.7607991
          ],
          [
            126.6437173,
            36.7608034
          ],
          [
            126.6438085,
            36.7608034
          ],
          [
            126.6438728,
            36.7607905
          ],
          [
            126.6438997,
            36.7607561
          ],
          [
            126.643964,
            36.7606486
          ],
          [
            126.6441518,
            36.7602489
          ],
          [
            126.6443689,
            36.7598516
          ]
        ]
      }
    },
    {
      "type": "Feature",
      "properties": {
        "osmType": "way",
        "osmId": 1164795159,
        "name": null,
        "highway": "residential",
        "bridge": null,
        "layer": null,
        "surface": null,
        "source": "OpenStreetMap contributors via Overpass API",
        "verificationLevel": "public-map-geometry-only",
        "trafficStatus": "unknown"
      },
      "geometry": {
        "type": "LineString",
        "coordinates": [
          [
            126.643277,
            36.7594986
          ],
          [
            126.6431808,
            36.759673
          ],
          [
            126.6428482,
            36.7600727
          ],
          [
            126.6427248,
            36.76012
          ],
          [
            126.6425746,
            36.7601286
          ],
          [
            126.6423279,
            36.7599868
          ],
          [
            126.6422206,
            36.759961
          ]
        ]
      }
    },
    {
      "type": "Feature",
      "properties": {
        "osmType": "way",
        "osmId": 1164795160,
        "name": null,
        "highway": "residential",
        "bridge": null,
        "layer": null,
        "surface": null,
        "source": "OpenStreetMap contributors via Overpass API",
        "verificationLevel": "public-map-geometry-only",
        "trafficStatus": "unknown"
      },
      "geometry": {
        "type": "LineString",
        "coordinates": [
          [
            126.6379304,
            36.7601756
          ],
          [
            126.6378714,
            36.7598922
          ],
          [
            126.6378754,
            36.7598492
          ],
          [
            126.6378553,
            36.7597805
          ],
          [
            126.6378338,
            36.7597074
          ],
          [
            126.6378392,
            36.7596515
          ],
          [
            126.6378553,
            36.7595957
          ],
          [
            126.6378982,
            36.759557
          ],
          [
            126.6379626,
            36.7595269
          ],
          [
            126.6380484,
            36.7595054
          ],
          [
            126.638161,
            36.7594968
          ],
          [
            126.6382629,
            36.7594839
          ],
          [
            126.6383059,
            36.7594538
          ],
          [
            126.6383664,
            36.75939
          ],
          [
            126.6386774,
            36.7589157
          ]
        ]
      }
    },
    {
      "type": "Feature",
      "properties": {
        "osmType": "way",
        "osmId": 1164795161,
        "name": null,
        "highway": "track",
        "bridge": null,
        "layer": null,
        "surface": "paved",
        "source": "OpenStreetMap contributors via Overpass API",
        "verificationLevel": "public-map-geometry-only",
        "trafficStatus": "unknown"
      },
      "geometry": {
        "type": "LineString",
        "coordinates": [
          [
            126.6378754,
            36.7598492
          ],
          [
            126.6384226,
            36.759759
          ],
          [
            126.6387337,
            36.7598063
          ],
          [
            126.6391843,
            36.759716
          ],
          [
            126.6394525,
            36.7596171
          ],
          [
            126.63971,
            36.7594366
          ],
          [
            126.6397798,
            36.7593722
          ],
          [
            126.6399729,
            36.7589897
          ],
          [
            126.6400587,
            36.7588822
          ],
          [
            126.640166,
            36.7588048
          ],
          [
            126.6408741,
            36.7584352
          ],
          [
            126.6410887,
            36.7582977
          ],
          [
            126.6412389,
            36.758259
          ],
          [
            126.6420006,
            36.7582289
          ],
          [
            126.642918,
            36.7581043
          ],
          [
            126.6430199,
            36.7581086
          ],
          [
            126.6432559,
            36.7581817
          ],
          [
            126.6439318,
            36.7584782
          ],
          [
            126.6448384,
            36.759067
          ],
          [
            126.6449082,
            36.7591014
          ],
          [
            126.6451174,
            36.7591143
          ],
          [
            126.6457236,
            36.7588607
          ],
          [
            126.645863,
            36.7587533
          ],
          [
            126.645965,
            36.7586114
          ],
          [
            126.6461795,
            36.7584481
          ],
          [
            126.6472417,
            36.7581
          ],
          [
            126.6472846,
            36.758057
          ],
          [
            126.64729,
            36.7579539
          ],
          [
            126.6477674,
            36.7575671
          ],
          [
            126.6479015,
            36.7575241
          ],
          [
            126.6480249,
            36.7572662
          ],
          [
            126.6481537,
            36.7571201
          ],
          [
            126.6482234,
            36.7570814
          ],
          [
            126.6484272,
            36.75709
          ],
          [
            126.648792,
            36.7569009
          ],
          [
            126.6490602,
            36.7568579
          ],
          [
            126.649425,
            36.7564109
          ],
          [
            126.6494411,
            36.7563722
          ],
          [
            126.6494465,
            36.7558092
          ],
          [
            126.6495645,
            36.7554267
          ],
          [
            126.6495645,
            36.7553107
          ]
        ]
      }
    },
    {
      "type": "Feature",
      "properties": {
        "osmType": "way",
        "osmId": 1164795175,
        "name": null,
        "highway": "residential",
        "bridge": null,
        "layer": null,
        "surface": null,
        "source": "OpenStreetMap contributors via Overpass API",
        "verificationLevel": "public-map-geometry-only",
        "trafficStatus": "unknown"
      },
      "geometry": {
        "type": "LineString",
        "coordinates": [
          [
            126.6377894,
            36.7666164
          ],
          [
            126.6378225,
            36.7666432
          ],
          [
            126.6378332,
            36.7666533
          ]
        ]
      }
    },
    {
      "type": "Feature",
      "properties": {
        "osmType": "way",
        "osmId": 1164795176,
        "name": null,
        "highway": "residential",
        "bridge": "yes",
        "layer": "1",
        "surface": null,
        "source": "OpenStreetMap contributors via Overpass API",
        "verificationLevel": "public-map-geometry-only",
        "trafficStatus": "unknown"
      },
      "geometry": {
        "type": "LineString",
        "coordinates": [
          [
            126.6378332,
            36.7666533
          ],
          [
            126.6378722,
            36.7666919
          ]
        ]
      }
    },
    {
      "type": "Feature",
      "properties": {
        "osmType": "way",
        "osmId": 1164795321,
        "name": null,
        "highway": "track",
        "bridge": null,
        "layer": null,
        "surface": "paved",
        "source": "OpenStreetMap contributors via Overpass API",
        "verificationLevel": "public-map-geometry-only",
        "trafficStatus": "unknown"
      },
      "geometry": {
        "type": "LineString",
        "coordinates": [
          [
            126.6430561,
            36.7591487
          ],
          [
            126.6439318,
            36.7584782
          ],
          [
            126.6440713,
            36.7582676
          ],
          [
            126.6441357,
            36.7580355
          ],
          [
            126.6442966,
            36.7577476
          ],
          [
            126.6445541,
            36.7571072
          ],
          [
            126.6446185,
            36.7568536
          ],
          [
            126.6447687,
            36.7566086
          ],
          [
            126.6448384,
            36.7562734
          ],
          [
            126.6448331,
            36.7558006
          ]
        ]
      }
    },
    {
      "type": "Feature",
      "properties": {
        "osmType": "way",
        "osmId": 1164795322,
        "name": null,
        "highway": "track",
        "bridge": null,
        "layer": null,
        "surface": "paved",
        "source": "OpenStreetMap contributors via Overpass API",
        "verificationLevel": "public-map-geometry-only",
        "trafficStatus": "unknown"
      },
      "geometry": {
        "type": "LineString",
        "coordinates": [
          [
            126.6405898,
            36.7582805
          ],
          [
            126.6407668,
            36.7583321
          ],
          [
            126.6408634,
            36.7584094
          ],
          [
            126.6408741,
            36.7584352
          ],
          [
            126.6410951,
            36.7589996
          ]
        ]
      }
    },
    {
      "type": "Feature",
      "properties": {
        "osmType": "way",
        "osmId": 1164795323,
        "name": null,
        "highway": "track",
        "bridge": null,
        "layer": null,
        "surface": "paved",
        "source": "OpenStreetMap contributors via Overpass API",
        "verificationLevel": "public-map-geometry-only",
        "trafficStatus": "unknown"
      },
      "geometry": {
        "type": "LineString",
        "coordinates": [
          [
            126.6405898,
            36.7582805
          ],
          [
            126.6403967,
            36.7582805
          ],
          [
            126.6402143,
            36.7582504
          ],
          [
            126.6401392,
            36.7582504
          ],
          [
            126.6399246,
            36.7582848
          ]
        ]
      }
    },
    {
      "type": "Feature",
      "properties": {
        "osmType": "way",
        "osmId": 1164795324,
        "name": null,
        "highway": "track",
        "bridge": null,
        "layer": null,
        "surface": "paved",
        "source": "OpenStreetMap contributors via Overpass API",
        "verificationLevel": "public-map-geometry-only",
        "trafficStatus": "unknown"
      },
      "geometry": {
        "type": "LineString",
        "coordinates": [
          [
            126.6402733,
            36.7577089
          ],
          [
            126.6403377,
            36.7578335
          ],
          [
            126.6406166,
            36.7581602
          ]
        ]
      }
    },
    {
      "type": "Feature",
      "properties": {
        "osmType": "way",
        "osmId": 1164795325,
        "name": null,
        "highway": "track",
        "bridge": null,
        "layer": null,
        "surface": "paved",
        "source": "OpenStreetMap contributors via Overpass API",
        "verificationLevel": "public-map-geometry-only",
        "trafficStatus": "unknown"
      },
      "geometry": {
        "type": "LineString",
        "coordinates": [
          [
            126.6435993,
            36.7538064
          ],
          [
            126.6435617,
            36.7540557
          ],
          [
            126.6434866,
            36.7542319
          ],
          [
            126.6435724,
            36.7544683
          ],
          [
            126.6437441,
            36.7546101
          ],
          [
            126.6438031,
            36.7547133
          ],
          [
            126.6438228,
            36.7551278
          ],
          [
            126.6437709,
            36.7554094
          ],
          [
            126.6436904,
            36.7555556
          ],
          [
            126.643449,
            36.755835
          ],
          [
            126.6434437,
            36.7558823
          ],
          [
            126.6434705,
            36.7559382
          ],
          [
            126.6436207,
            36.7560757
          ],
          [
            126.6436529,
            36.7561445
          ],
          [
            126.6436314,
            36.7562476
          ],
          [
            126.6435134,
            36.7565141
          ],
          [
            126.6435241,
            36.756686
          ],
          [
            126.6435993,
            36.7569439
          ],
          [
            126.6435993,
            36.757047
          ],
          [
            126.6435188,
            36.7571888
          ],
          [
            126.6434169,
            36.7573135
          ],
          [
            126.6431647,
            36.7574725
          ],
          [
            126.6425586,
            36.7576229
          ],
          [
            126.6421991,
            36.7577862
          ],
          [
            126.6418612,
            36.7578808
          ],
          [
            126.6414267,
            36.7579152
          ],
          [
            126.6409331,
            36.7580785
          ],
          [
            126.6406166,
            36.7581602
          ]
        ]
      }
    },
    {
      "type": "Feature",
      "properties": {
        "osmType": "way",
        "osmId": 1164795326,
        "name": null,
        "highway": "track",
        "bridge": null,
        "layer": null,
        "surface": "paved",
        "source": "OpenStreetMap contributors via Overpass API",
        "verificationLevel": "public-map-geometry-only",
        "trafficStatus": "unknown"
      },
      "geometry": {
        "type": "LineString",
        "coordinates": [
          [
            126.6418612,
            36.7578808
          ],
          [
            126.6419309,
            36.7580183
          ],
          [
            126.6420006,
            36.7582289
          ]
        ]
      }
    },
    {
      "type": "Feature",
      "properties": {
        "osmType": "way",
        "osmId": 1164795327,
        "name": null,
        "highway": "track",
        "bridge": null,
        "layer": null,
        "surface": "paved",
        "source": "OpenStreetMap contributors via Overpass API",
        "verificationLevel": "public-map-geometry-only",
        "trafficStatus": "unknown"
      },
      "geometry": {
        "type": "LineString",
        "coordinates": [
          [
            126.6406166,
            36.7581602
          ],
          [
            126.6405898,
            36.7582805
          ]
        ]
      }
    },
    {
      "type": "Feature",
      "properties": {
        "osmType": "way",
        "osmId": 1164795328,
        "name": null,
        "highway": "track",
        "bridge": null,
        "layer": null,
        "surface": "paved",
        "source": "OpenStreetMap contributors via Overpass API",
        "verificationLevel": "public-map-geometry-only",
        "trafficStatus": "unknown"
      },
      "geometry": {
        "type": "LineString",
        "coordinates": [
          [
            126.6438228,
            36.7551278
          ],
          [
            126.6438815,
            36.7551319
          ],
          [
            126.6439568,
            36.7554946
          ],
          [
            126.643903,
            36.755612
          ]
        ]
      }
    },
    {
      "type": "Feature",
      "properties": {
        "osmType": "way",
        "osmId": 1164975360,
        "name": null,
        "highway": "service",
        "bridge": null,
        "layer": null,
        "surface": "concrete",
        "source": "OpenStreetMap contributors via Overpass API",
        "verificationLevel": "public-map-geometry-only",
        "trafficStatus": "unknown"
      },
      "geometry": {
        "type": "LineString",
        "coordinates": [
          [
            126.5884531,
            36.7454848
          ],
          [
            126.5884965,
            36.7454567
          ],
          [
            126.5885536,
            36.7454182
          ],
          [
            126.5886971,
            36.7453193
          ],
          [
            126.5888017,
            36.7452548
          ],
          [
            126.5890458,
            36.7451839
          ],
          [
            126.5891907,
            36.7451581
          ],
          [
            126.5893918,
            36.7450872
          ],
          [
            126.5896118,
            36.7450119
          ],
          [
            126.5897781,
            36.7449668
          ],
          [
            126.5900812,
            36.7449604
          ],
          [
            126.5902448,
            36.7449711
          ],
          [
            126.5904218,
            36.7450313
          ],
          [
            126.5907249,
            36.7451581
          ],
          [
            126.590859,
            36.7452011
          ],
          [
            126.5909287,
            36.7451968
          ],
          [
            126.5912211,
            36.7451366
          ],
          [
            126.5913928,
            36.7451688
          ],
          [
            126.5917119,
            36.7452613
          ],
          [
            126.5921599,
            36.7454353
          ],
          [
            126.5928519,
            36.74556
          ],
          [
            126.5929484,
            36.7456202
          ],
          [
            126.5929404,
            36.7457276
          ],
          [
            126.5929377,
            36.7458695
          ],
          [
            126.5930128,
            36.7459856
          ],
          [
            126.5930933,
            36.7460457
          ],
          [
            126.5931737,
            36.7460457
          ],
          [
            126.5934554,
            36.7458781
          ],
          [
            126.5937343,
            36.7458437
          ],
          [
            126.594252,
            36.7458265
          ],
          [
            126.5945148,
            36.7458652
          ],
          [
            126.5946946,
            36.7458373
          ],
          [
            126.5947777,
            36.7458394
          ],
          [
            126.594834,
            36.7458824
          ],
          [
            126.5948984,
            36.7460049
          ],
          [
            126.5948823,
            36.7461081
          ],
          [
            126.5948421,
            36.7461661
          ],
          [
            126.5947938,
            36.7462198
          ],
          [
            126.5948233,
            36.7462843
          ],
          [
            126.5949923,
            36.7463789
          ],
          [
            126.5951532,
            36.7463509
          ],
          [
            126.5952364,
            36.7463079
          ],
          [
            126.5953302,
            36.746194
          ],
          [
            126.5953785,
            36.7461833
          ],
          [
            126.5954214,
            36.7462327
          ],
          [
            126.5952176,
            36.7466819
          ],
          [
            126.5950245,
            36.7468259
          ],
          [
            126.5949386,
            36.7469226
          ],
          [
            126.5949681,
            36.7469957
          ],
          [
            126.5952793,
            36.7469635
          ],
          [
            126.5954509,
            36.746942
          ],
          [
            126.5955609,
            36.7468173
          ],
          [
            126.5956977,
            36.7467356
          ],
          [
            126.5957406,
            36.7467356
          ]
        ]
      }
    },
    {
      "type": "Feature",
      "properties": {
        "osmType": "way",
        "osmId": 1164989754,
        "name": null,
        "highway": "path",
        "bridge": null,
        "layer": null,
        "surface": null,
        "source": "OpenStreetMap contributors via Overpass API",
        "verificationLevel": "public-map-geometry-only",
        "trafficStatus": "unknown"
      },
      "geometry": {
        "type": "LineString",
        "coordinates": [
          [
            126.5949507,
            36.7490922
          ],
          [
            126.595076,
            36.7490414
          ],
          [
            126.5952418,
            36.7489729
          ],
          [
            126.5953044,
            36.7487977
          ],
          [
            126.5951961,
            36.7486226
          ]
        ]
      }
    },
    {
      "type": "Feature",
      "properties": {
        "osmType": "way",
        "osmId": 1164989755,
        "name": null,
        "highway": "steps",
        "bridge": null,
        "layer": null,
        "surface": null,
        "source": "OpenStreetMap contributors via Overpass API",
        "verificationLevel": "public-map-geometry-only",
        "trafficStatus": "unknown"
      },
      "geometry": {
        "type": "LineString",
        "coordinates": [
          [
            126.5951961,
            36.7486226
          ],
          [
            126.5951666,
            36.7485184
          ]
        ]
      }
    },
    {
      "type": "Feature",
      "properties": {
        "osmType": "way",
        "osmId": 1164989756,
        "name": null,
        "highway": "path",
        "bridge": null,
        "layer": null,
        "surface": null,
        "source": "OpenStreetMap contributors via Overpass API",
        "verificationLevel": "public-map-geometry-only",
        "trafficStatus": "unknown"
      },
      "geometry": {
        "type": "LineString",
        "coordinates": [
          [
            126.5951666,
            36.7485184
          ],
          [
            126.5951746,
            36.7484802
          ],
          [
            126.5951767,
            36.7484614
          ],
          [
            126.5951801,
            36.748461
          ],
          [
            126.5953356,
            36.7484679
          ],
          [
            126.5954746,
            36.7484125
          ],
          [
            126.5955877,
            36.7484056
          ],
          [
            126.5956943,
            36.7484337
          ],
          [
            126.5958559,
            36.748311
          ],
          [
            126.5959642,
            36.7482889
          ],
          [
            126.5962866,
            36.7481595
          ],
          [
            126.5964056,
            36.7481054
          ],
          [
            126.5964782,
            36.748037
          ],
          [
            126.5965748,
            36.7479274
          ],
          [
            126.596605,
            36.7478399
          ]
        ]
      }
    },
    {
      "type": "Feature",
      "properties": {
        "osmType": "way",
        "osmId": 1212715030,
        "name": null,
        "highway": "path",
        "bridge": "yes",
        "layer": "1",
        "surface": null,
        "source": "OpenStreetMap contributors via Overpass API",
        "verificationLevel": "public-map-geometry-only",
        "trafficStatus": "unknown"
      },
      "geometry": {
        "type": "LineString",
        "coordinates": [
          [
            126.6021552,
            36.7666794
          ],
          [
            126.6020526,
            36.766665
          ],
          [
            126.6018708,
            36.7666368
          ],
          [
            126.6018098,
            36.7666189
          ]
        ]
      }
    },
    {
      "type": "Feature",
      "properties": {
        "osmType": "way",
        "osmId": 1212715031,
        "name": null,
        "highway": "path",
        "bridge": null,
        "layer": null,
        "surface": null,
        "source": "OpenStreetMap contributors via Overpass API",
        "verificationLevel": "public-map-geometry-only",
        "trafficStatus": "unknown"
      },
      "geometry": {
        "type": "LineString",
        "coordinates": [
          [
            126.6050071,
            36.7733103
          ],
          [
            126.6050895,
            36.7733663
          ],
          [
            126.6051646,
            36.7733867
          ],
          [
            126.6051672,
            36.7734523
          ],
          [
            126.6051552,
            36.7735457
          ],
          [
            126.6051297,
            36.7735822
          ],
          [
            126.6051391,
            36.7736854
          ],
          [
            126.6051981,
            36.7737434
          ],
          [
            126.6053228,
            36.7737745
          ]
        ]
      }
    },
    {
      "type": "Feature",
      "properties": {
        "osmType": "way",
        "osmId": 1212715033,
        "name": null,
        "highway": "path",
        "bridge": null,
        "layer": null,
        "surface": "dirt",
        "source": "OpenStreetMap contributors via Overpass API",
        "verificationLevel": "public-map-geometry-only",
        "trafficStatus": "unknown"
      },
      "geometry": {
        "type": "LineString",
        "coordinates": [
          [
            126.608424,
            36.7712126
          ],
          [
            126.6085046,
            36.7712731
          ],
          [
            126.6086836,
            36.7713526
          ],
          [
            126.6087855,
            36.7713827
          ],
          [
            126.6088472,
            36.7714353
          ],
          [
            126.6088774,
            36.7714885
          ],
          [
            126.6089243,
            36.7715729
          ],
          [
            126.6089894,
            36.7716706
          ],
          [
            126.6090564,
            36.7717523
          ],
          [
            126.6090766,
            36.7717925
          ],
          [
            126.6090725,
            36.7718484
          ],
          [
            126.6090504,
            36.7718871
          ],
          [
            126.6090578,
            36.7719268
          ],
          [
            126.6090222,
            36.7719821
          ],
          [
            126.6089813,
            36.7720606
          ],
          [
            126.6089626,
            36.7721347
          ],
          [
            126.6089565,
            36.7722045
          ],
          [
            126.6089699,
            36.7722679
          ],
          [
            126.6089619,
            36.7724344
          ],
          [
            126.6089525,
            36.7725118
          ],
          [
            126.6088633,
            36.7725139
          ],
          [
            126.608809,
            36.772516
          ],
          [
            126.6088077,
            36.7725558
          ],
          [
            126.6088486,
            36.7726444
          ],
          [
            126.6088741,
            36.7726987
          ],
          [
            126.6088472,
            36.772711
          ],
          [
            126.6087627,
            36.772718
          ],
          [
            126.6087527,
            36.7727438
          ],
          [
            126.6087916,
            36.7728045
          ],
          [
            126.6087795,
            36.7728507
          ],
          [
            126.6087225,
            36.7729103
          ],
          [
            126.6086695,
            36.7729791
          ],
          [
            126.6086072,
            36.7730027
          ],
          [
            126.6085696,
            36.7730183
          ],
          [
            126.6084798,
            36.7731053
          ],
          [
            126.608349,
            36.773166
          ],
          [
            126.6082612,
            36.773232
          ],
          [
            126.6081391,
            36.7733491
          ],
          [
            126.608064,
            36.7734308
          ],
          [
            126.6080064,
            36.773492
          ],
          [
            126.6079393,
            36.7735887
          ],
          [
            126.6078803,
            36.7736209
          ],
          [
            126.6078132,
            36.7736811
          ],
          [
            126.6077127,
            36.7737831
          ],
          [
            126.6076738,
            36.773969
          ],
          [
            126.6076577,
            36.7740968
          ],
          [
            126.6076362,
            36.7742687
          ],
          [
            126.6076376,
            36.7743439
          ],
          [
            126.607608,
            36.7745652
          ],
          [
            126.6075879,
            36.7747091
          ],
          [
            126.6075732,
            36.7747424
          ],
          [
            126.6074954,
            36.774809
          ],
          [
            126.6074485,
            36.7748906
          ],
          [
            126.6074377,
            36.7750153
          ],
          [
            126.607427,
            36.7750926
          ],
          [
            126.6074216,
            36.7751689
          ],
          [
            126.6073881,
            36.775258
          ],
          [
            126.607364,
            36.7753343
          ],
          [
            126.607305,
            36.7754052
          ],
          [
            126.6072728,
            36.7754471
          ],
          [
            126.6072513,
            36.7755212
          ],
          [
            126.6072486,
            36.7756039
          ],
          [
            126.6072004,
            36.7756694
          ],
          [
            126.6070864,
            36.7757425
          ],
          [
            126.6070139,
            36.7757898
          ],
          [
            126.6070046,
            36.7758542
          ],
          [
            126.6070341,
            36.7759777
          ],
          [
            126.6070877,
            36.7760562
          ],
          [
            126.6070971,
            36.7761496
          ],
          [
            126.6070729,
            36.776257
          ],
          [
            126.6070367,
            36.776285
          ],
          [
            126.6069818,
            36.7762613
          ],
          [
            126.6068973,
            36.7762979
          ],
          [
            126.6068396,
            36.7762656
          ],
          [
            126.6067484,
            36.7763032
          ],
          [
            126.6066787,
            36.776401
          ],
          [
            126.6065942,
            36.7764515
          ],
          [
            126.6064721,
            36.7764891
          ],
          [
            126.6063461,
            36.7765793
          ],
          [
            126.6062281,
            36.7767028
          ],
          [
            126.6062254,
            36.7768081
          ],
          [
            126.6061985,
            36.7769316
          ],
          [
            126.6062146,
            36.7769886
          ],
          [
            126.6061878,
            36.7770262
          ],
          [
            126.6060296,
            36.7771035
          ],
          [
            126.6059008,
            36.7772109
          ],
          [
            126.6058002,
            36.7773044
          ],
          [
            126.6056326,
            36.7774215
          ],
          [
            126.605638,
            36.7774902
          ],
          [
            126.6055816,
            36.7774956
          ],
          [
            126.6054207,
            36.7774773
          ],
          [
            126.6052839,
            36.7774591
          ],
          [
            126.6052008,
            36.7774805
          ],
          [
            126.605068,
            36.7774709
          ],
          [
            126.6049969,
            36.7774902
          ],
          [
            126.6047341,
            36.777646
          ],
          [
            126.6046549,
            36.7776588
          ],
          [
            126.6045624,
            36.7777813
          ],
          [
            126.6045114,
            36.7778103
          ],
          [
            126.6044565,
            36.7778039
          ],
          [
            126.6044202,
            36.7777555
          ],
          [
            126.6043787,
            36.7777265
          ],
          [
            126.6043438,
            36.7777491
          ],
          [
            126.604325,
            36.7777824
          ],
          [
            126.60427,
            36.7778071
          ],
          [
            126.604211,
            36.7778436
          ],
          [
            126.6041762,
            36.7778758
          ],
          [
            126.6042446,
            36.7779328
          ],
          [
            126.6042298,
            36.7780015
          ],
          [
            126.6042566,
            36.7780531
          ],
          [
            126.6042218,
            36.7780703
          ],
          [
            126.6040742,
            36.7780767
          ],
          [
            126.6039428,
            36.7780928
          ],
          [
            126.6038851,
            36.7780584
          ],
          [
            126.6037349,
            36.7780477
          ],
          [
            126.6036692,
            36.7780703
          ],
          [
            126.603612,
            36.7781482
          ]
        ]
      }
    },
    {
      "type": "Feature",
      "properties": {
        "osmType": "way",
        "osmId": 1212715043,
        "name": "금북정맥",
        "highway": "path",
        "bridge": null,
        "layer": null,
        "surface": null,
        "source": "OpenStreetMap contributors via Overpass API",
        "verificationLevel": "public-map-geometry-only",
        "trafficStatus": "unknown"
      },
      "geometry": {
        "type": "LineString",
        "coordinates": [
          [
            126.5973477,
            36.7438375
          ],
          [
            126.5973955,
            36.7439266
          ],
          [
            126.5974228,
            36.7440049
          ],
          [
            126.5976235,
            36.7442232
          ],
          [
            126.5977254,
            36.7443306
          ],
          [
            126.5978733,
            36.7443975
          ],
          [
            126.5978864,
            36.7447304
          ],
          [
            126.5977952,
            36.7449238
          ],
          [
            126.5976833,
            36.7451319
          ],
          [
            126.5976369,
            36.7453881
          ],
          [
            126.5975028,
            36.7455933
          ],
          [
            126.5974108,
            36.7457615
          ],
          [
            126.5973968,
            36.7459984
          ],
          [
            126.597417,
            36.7462435
          ],
          [
            126.5974009,
            36.7463423
          ],
          [
            126.5973613,
            36.7464127
          ],
          [
            126.5972722,
            36.7465239
          ],
          [
            126.5972024,
            36.7466604
          ],
          [
            126.5970951,
            36.7467797
          ],
          [
            126.5969979,
            36.746952
          ],
          [
            126.5969315,
            36.7469946
          ],
          [
            126.5968309,
            36.747116
          ],
          [
            126.5967639,
            36.7472514
          ],
          [
            126.5966627,
            36.747445
          ],
          [
            126.5966499,
            36.7475706
          ],
          [
            126.5966614,
            36.747763
          ],
          [
            126.5966579,
            36.7478167
          ],
          [
            126.5966817,
            36.7479039
          ],
          [
            126.5967605,
            36.7480166
          ],
          [
            126.5967625,
            36.7480681
          ],
          [
            126.596726,
            36.7482475
          ],
          [
            126.5965989,
            36.7485324
          ],
          [
            126.5964031,
            36.7488311
          ],
          [
            126.5963127,
            36.7491281
          ],
          [
            126.5963048,
            36.7494793
          ],
          [
            126.59632,
            36.7496671
          ],
          [
            126.5963307,
            36.7498519
          ],
          [
            126.5962878,
            36.7499551
          ],
          [
            126.5961817,
            36.7500943
          ],
          [
            126.5960035,
            36.7502689
          ],
          [
            126.5958898,
            36.7504063
          ],
          [
            126.5958442,
            36.7506145
          ],
          [
            126.5957808,
            36.7509222
          ],
          [
            126.5955824,
            36.7510469
          ],
          [
            126.5955035,
            36.7511651
          ],
          [
            126.5952551,
            36.751352
          ],
          [
            126.5949823,
            36.7514943
          ],
          [
            126.5948045,
            36.7517432
          ],
          [
            126.5945014,
            36.7519364
          ],
          [
            126.5944022,
            36.7520354
          ],
          [
            126.5943378,
            36.75213
          ],
          [
            126.5941729,
            36.752264
          ],
          [
            126.594142,
            36.7524459
          ],
          [
            126.5942148,
            36.752704
          ],
          [
            126.5941715,
            36.752966
          ],
          [
            126.5941501,
            36.7531315
          ],
          [
            126.5941715,
            36.7533141
          ],
          [
            126.5942091,
            36.7534237
          ],
          [
            126.594134,
            36.7536537
          ],
          [
            126.5941686,
            36.7539429
          ],
          [
            126.5943673,
            36.7540491
          ],
          [
            126.5945256,
            36.7542339
          ],
          [
            126.5946302,
            36.7546825
          ],
          [
            126.594844,
            36.7551122
          ],
          [
            126.5948475,
            36.7552826
          ],
          [
            126.5947863,
            36.7554619
          ],
          [
            126.59472,
            36.7556866
          ],
          [
            126.594709,
            36.7557421
          ],
          [
            126.5946929,
            36.7557634
          ],
          [
            126.5947026,
            36.7558285
          ],
          [
            126.5945973,
            36.755851
          ],
          [
            126.5945135,
            36.7558188
          ],
          [
            126.5943835,
            36.7557919
          ],
          [
            126.5942029,
            36.7557079
          ],
          [
            126.5941206,
            36.7556855
          ],
          [
            126.5940703,
            36.75568
          ],
          [
            126.5940455,
            36.7557038
          ],
          [
            126.5939904,
            36.7558327
          ],
          [
            126.5941018,
            36.7559273
          ],
          [
            126.5941357,
            36.7560885
          ],
          [
            126.5940723,
            36.7562497
          ],
          [
            126.593968,
            36.756269
          ],
          [
            126.593906,
            36.7562217
          ],
          [
            126.593847,
            36.7561411
          ],
          [
            126.5937692,
            36.7559864
          ],
          [
            126.5936163,
            36.7559004
          ],
          [
            126.5934768,
            36.7558607
          ],
          [
            126.5934031,
            36.7558575
          ],
          [
            126.593399,
            36.7559026
          ],
          [
            126.5933967,
            36.7559743
          ],
          [
            126.5935197,
            36.7561143
          ],
          [
            126.5935146,
            36.7562377
          ],
          [
            126.5934407,
            36.7563833
          ],
          [
            126.5933736,
            36.7565796
          ],
          [
            126.5932864,
            36.7566998
          ],
          [
            126.5932694,
            36.7568057
          ],
          [
            126.5933279,
            36.7570889
          ],
          [
            126.5936082,
            36.7572801
          ],
          [
            126.5936955,
            36.7573317
          ],
          [
            126.5937544,
            36.7573424
          ],
          [
            126.5938792,
            36.757395
          ],
          [
            126.5939597,
            36.7575336
          ],
          [
            126.5940192,
            36.7575941
          ],
          [
            126.5940331,
            36.7578671
          ],
          [
            126.5940994,
            36.7581119
          ],
          [
            126.5940029,
            36.7584178
          ],
          [
            126.593856,
            36.7586924
          ],
          [
            126.5937409,
            36.7589513
          ],
          [
            126.5937524,
            36.7590499
          ],
          [
            126.5937418,
            36.7595422
          ],
          [
            126.5936602,
            36.7598181
          ],
          [
            126.5934117,
            36.7600894
          ],
          [
            126.5934037,
            36.7601626
          ],
          [
            126.5933887,
            36.7602081
          ],
          [
            126.5933665,
            36.7603181
          ],
          [
            126.5933887,
            36.7604601
          ],
          [
            126.5934276,
            36.7605339
          ],
          [
            126.5934914,
            36.7605296
          ],
          [
            126.5936999,
            36.7606374
          ],
          [
            126.5938227,
            36.760812
          ],
          [
            126.5936838,
            36.761154
          ],
          [
            126.593665,
            36.7613163
          ],
          [
            126.5937246,
            36.7615934
          ],
          [
            126.5937654,
            36.7617856
          ],
          [
            126.5938358,
            36.7618925
          ],
          [
            126.5939678,
            36.7620701
          ],
          [
            126.5939986,
            36.7621855
          ],
          [
            126.5940606,
            36.762334
          ],
          [
            126.593994,
            36.7624799
          ],
          [
            126.5938914,
            36.762659
          ],
          [
            126.5938293,
            36.7627703
          ],
          [
            126.5937719,
            36.7629343
          ],
          [
            126.5937899,
            36.7630769
          ],
          [
            126.5936967,
            36.7633483
          ],
          [
            126.593825,
            36.7634738
          ],
          [
            126.5938711,
            36.7635221
          ],
          [
            126.5939455,
            36.7636981
          ],
          [
            126.5940943,
            36.7638486
          ],
          [
            126.5941475,
            36.7638457
          ],
          [
            126.5942219,
            36.763948
          ],
          [
            126.5942892,
            36.7639991
          ],
          [
            126.5945048,
            36.7643822
          ],
          [
            126.5945763,
            36.7645612
          ],
          [
            126.5945139,
            36.7650247
          ],
          [
            126.5945895,
            36.7651472
          ],
          [
            126.59479,
            36.7653761
          ],
          [
            126.5948989,
            36.7654967
          ],
          [
            126.5950399,
            36.7656762
          ],
          [
            126.5950236,
            36.7660502
          ],
          [
            126.5951229,
            36.7661435
          ],
          [
            126.5951017,
            36.7664827
          ],
          [
            126.5948736,
            36.7667386
          ],
          [
            126.5948948,
            36.7668635
          ],
          [
            126.5952183,
            36.7670608
          ],
          [
            126.5954409,
            36.767195
          ],
          [
            126.5956533,
            36.7675874
          ],
          [
            126.5956373,
            36.7677334
          ],
          [
            126.5959346,
            36.7678703
          ],
          [
            126.5962401,
            36.7685707
          ],
          [
            126.5964997,
            36.7689618
          ],
          [
            126.5965329,
            36.7691348
          ],
          [
            126.596801,
            36.7692385
          ],
          [
            126.5969546,
            36.7693902
          ],
          [
            126.5970097,
            36.7695588
          ],
          [
            126.5969997,
            36.7698278
          ],
          [
            126.5969245,
            36.7699001
          ],
          [
            126.5968343,
            36.770145
          ],
          [
            126.596724,
            36.7703819
          ],
          [
            126.5966238,
            36.7705585
          ],
          [
            126.5965185,
            36.770691
          ],
          [
            126.5961376,
            36.7710764
          ],
          [
            126.5960674,
            36.7713053
          ],
          [
            126.5959973,
            36.7716505
          ],
          [
            126.595981,
            36.771752
          ],
          [
            126.5959916,
            36.7719082
          ],
          [
            126.5958534,
            36.7722488
          ],
          [
            126.595701,
            36.7723965
          ],
          [
            126.5953729,
            36.7728266
          ],
          [
            126.5952737,
            36.7730594
          ],
          [
            126.5950327,
            36.7734625
          ],
          [
            126.59482,
            36.7737691
          ],
          [
            126.5947455,
            36.7738879
          ],
          [
            126.5945931,
            36.7742143
          ],
          [
            126.5943911,
            36.7744727
          ],
          [
            126.5940081,
            36.7747743
          ],
          [
            126.593953,
            36.7749149
          ],
          [
            126.5938778,
            36.7750232
          ],
          [
            126.5937504,
            36.7754181
          ],
          [
            126.5937665,
            36.7754718
          ],
          [
            126.5938778,
            36.7755933
          ],
          [
            126.5941406,
            36.7758221
          ],
          [
            126.5943137,
            36.7759638
          ],
          [
            126.5945243,
            36.7760911
          ],
          [
            126.5946195,
            36.7761485
          ],
          [
            126.5948931,
            36.7761858
          ],
          [
            126.5951811,
            36.7763129
          ],
          [
            126.5956309,
            36.7767232
          ],
          [
            126.5957863,
            36.7770243
          ],
          [
            126.5958665,
            36.777201
          ],
          [
            126.5959868,
            36.7773615
          ],
          [
            126.5958615,
            36.7776626
          ],
          [
            126.595671,
            36.7778513
          ],
          [
            126.5955708,
            36.7779838
          ],
          [
            126.5953803,
            36.7781163
          ],
          [
            126.5952651,
            36.7781604
          ],
          [
            126.5949317,
            36.7785039
          ],
          [
            126.5948218,
            36.7786714
          ],
          [
            126.5946731,
            36.7789564
          ],
          [
            126.5946887,
            36.7792902
          ],
          [
            126.5947225,
            36.7797377
          ],
          [
            126.5946587,
            36.7799846
          ],
          [
            126.5945398,
            36.7801819
          ],
          [
            126.59437,
            36.7803142
          ],
          [
            126.5939357,
            36.7805892
          ],
          [
            126.5936887,
            36.7809264
          ],
          [
            126.5932406,
            36.7812402
          ],
          [
            126.5931433,
            36.7814299
          ],
          [
            126.5931337,
            36.781552
          ],
          [
            126.5929766,
            36.7819079
          ],
          [
            126.5927749,
            36.7822469
          ],
          [
            126.5922674,
            36.7826516
          ],
          [
            126.5919987,
            36.7829369
          ],
          [
            126.5918536,
            36.7832222
          ],
          [
            126.5919504,
            36.7835356
          ],
          [
            126.5918509,
            36.7836405
          ],
          [
            126.5917678,
            36.7837176
          ],
          [
            126.5916271,
            36.7838321
          ],
          [
            126.5915578,
            36.7839186
          ],
          [
            126.5915376,
            36.7839876
          ],
          [
            126.5914316,
            36.7840575
          ],
          [
            126.5914394,
            36.7840925
          ],
          [
            126.5913934,
            36.7843191
          ],
          [
            126.5913894,
            36.7844458
          ],
          [
            126.5912541,
            36.7846144
          ],
          [
            126.5911262,
            36.7847589
          ],
          [
            126.5910172,
            36.7848523
          ],
          [
            126.590962,
            36.7849456
          ],
          [
            126.5909321,
            36.7851982
          ],
          [
            126.5908832,
            36.7857101
          ],
          [
            126.59069,
            36.7860155
          ],
          [
            126.5906457,
            36.7863203
          ],
          [
            126.5905713,
            36.7863601
          ],
          [
            126.5902913,
            36.7864481
          ],
          [
            126.5901108,
            36.7864577
          ],
          [
            126.5898483,
            36.7864027
          ],
          [
            126.589781,
            36.7863572
          ],
          [
            126.5896144,
            36.7862579
          ],
          [
            126.5893841,
            36.7861756
          ],
          [
            126.5891216,
            36.7860629
          ],
          [
            126.5889099,
            36.7860755
          ],
          [
            126.5888126,
            36.786056
          ],
          [
            126.5887107,
            36.7860081
          ],
          [
            126.5886073,
            36.7859027
          ],
          [
            126.5885293,
            36.7858366
          ],
          [
            126.5883584,
            36.7858099
          ],
          [
            126.588362,
            36.7857384
          ],
          [
            126.5882724,
            36.7856142
          ],
          [
            126.5881235,
            36.7854626
          ],
          [
            126.5879716,
            36.7853829
          ],
          [
            126.5877719,
            36.7853621
          ],
          [
            126.5875958,
            36.7852916
          ],
          [
            126.5873681,
            36.7851195
          ],
          [
            126.5872365,
            36.7850835
          ],
          [
            126.587115,
            36.7850576
          ],
          [
            126.5869822,
            36.7850166
          ],
          [
            126.5869059,
            36.7849686
          ],
          [
            126.5867271,
            36.7848463
          ],
          [
            126.5866077,
            36.7847727
          ],
          [
            126.5863911,
            36.7847189
          ],
          [
            126.5861352,
            36.7846731
          ],
          [
            126.5860112,
            36.7846533
          ],
          [
            126.5856486,
            36.7845782
          ],
          [
            126.5853267,
            36.7845223
          ],
          [
            126.5850645,
            36.7844959
          ],
          [
            126.5847613,
            36.7844751
          ],
          [
            126.5844245,
            36.784546
          ],
          [
            126.5842758,
            36.7845593
          ],
          [
            126.5841535,
            36.7845225
          ],
          [
            126.5838967,
            36.7844898
          ],
          [
            126.5835437,
            36.7844499
          ],
          [
            126.5834067,
            36.7844177
          ],
          [
            126.5833044,
            36.7844232
          ],
          [
            126.5832093,
            36.7845234
          ],
          [
            126.5830699,
            36.78464
          ],
          [
            126.583037,
            36.7846742
          ],
          [
            126.5830055,
            36.7847104
          ],
          [
            126.5829734,
            36.7847446
          ],
          [
            126.582855,
            36.7847884
          ],
          [
            126.5827439,
            36.784817
          ],
          [
            126.5826288,
            36.7848536
          ],
          [
            126.5824948,
            36.7849261
          ],
          [
            126.5824076,
            36.7850028
          ],
          [
            126.5822295,
            36.7851921
          ],
          [
            126.5818623,
            36.7853923
          ],
          [
            126.5817234,
            36.7854914
          ],
          [
            126.5815691,
            36.7856793
          ],
          [
            126.581113,
            36.7858759
          ],
          [
            126.5806332,
            36.7862237
          ],
          [
            126.5805392,
            36.7863291
          ],
          [
            126.580504,
            36.7864319
          ],
          [
            126.5803478,
            36.7868172
          ],
          [
            126.5802991,
            36.7868657
          ],
          [
            126.5802864,
            36.786904
          ],
          [
            126.5801704,
            36.7870068
          ],
          [
            126.5799652,
            36.7871261
          ],
          [
            126.5798713,
            36.7871776
          ],
          [
            126.5797842,
            36.7871712
          ],
          [
            126.5796941,
            36.7870864
          ],
          [
            126.5794669,
            36.7871187
          ],
          [
            126.5792786,
            36.7872001
          ],
          [
            126.5791903,
            36.7873275
          ],
          [
            126.5790662,
            36.7874338
          ],
          [
            126.578891,
            36.7874494
          ],
          [
            126.5787714,
            36.7874051
          ],
          [
            126.5785354,
            36.7873405
          ],
          [
            126.5784901,
            36.7872414
          ],
          [
            126.5784014,
            36.7871519
          ],
          [
            126.5782844,
            36.7871125
          ],
          [
            126.5782138,
            36.787067
          ],
          [
            126.5781191,
            36.7870517
          ],
          [
            126.5777869,
            36.7870636
          ],
          [
            126.5776351,
            36.7870014
          ]
        ]
      }
    },
    {
      "type": "Feature",
      "properties": {
        "osmType": "way",
        "osmId": 1212715044,
        "name": null,
        "highway": "path",
        "bridge": null,
        "layer": null,
        "surface": "dirt",
        "source": "OpenStreetMap contributors via Overpass API",
        "verificationLevel": "public-map-geometry-only",
        "trafficStatus": "unknown"
      },
      "geometry": {
        "type": "LineString",
        "coordinates": [
          [
            126.6208649,
            36.7912161
          ],
          [
            126.6207951,
            36.7911901
          ],
          [
            126.6207281,
            36.7910978
          ],
          [
            126.6205108,
            36.7909582
          ],
          [
            126.6202909,
            36.7910527
          ],
          [
            126.6200736,
            36.7911085
          ],
          [
            126.6198215,
            36.7912267
          ],
          [
            126.6196337,
            36.7913169
          ],
          [
            126.6194782,
            36.7913427
          ],
          [
            126.6193441,
            36.7912782
          ],
          [
            126.6191858,
            36.7912374
          ],
          [
            126.6190597,
            36.7911901
          ],
          [
            126.6189203,
            36.7911085
          ],
          [
            126.6188344,
            36.7910248
          ],
          [
            126.6187781,
            36.7909496
          ],
          [
            126.6185662,
            36.7909023
          ],
          [
            126.6184482,
            36.7909453
          ],
          [
            126.6182658,
            36.7908637
          ],
          [
            126.6181183,
            36.7909109
          ],
          [
            126.6181049,
            36.7908314
          ],
          [
            126.6179144,
            36.790752
          ],
          [
            126.6176891,
            36.7906617
          ],
          [
            126.617429,
            36.7906424
          ],
          [
            126.6173592,
            36.7905994
          ],
          [
            126.6172278,
            36.7906231
          ],
          [
            126.6169971,
            36.7905543
          ],
          [
            126.6169354,
            36.7905157
          ],
          [
            126.6168389,
            36.790535
          ],
          [
            126.616627,
            36.7904233
          ],
          [
            126.6162541,
            36.7904383
          ],
          [
            126.6160557,
            36.7903868
          ],
          [
            126.6157982,
            36.790462
          ],
          [
            126.6156936,
            36.7904534
          ],
          [
            126.6155514,
            36.7903589
          ],
          [
            126.6151947,
            36.7904985
          ],
          [
            126.6150391,
            36.7905457
          ],
          [
            126.6148862,
            36.7905479
          ],
          [
            126.6147226,
            36.790651
          ],
          [
            126.6146207,
            36.7906123
          ],
          [
            126.6143525,
            36.7906768
          ],
          [
            126.6141218,
            36.7906596
          ],
          [
            126.6139179,
            36.7905629
          ],
          [
            126.6137624,
            36.7907176
          ],
          [
            126.6135639,
            36.7908808
          ],
          [
            126.6132367,
            36.7910591
          ],
          [
            126.6131857,
            36.7911944
          ],
          [
            126.6132313,
            36.7913985
          ],
          [
            126.6131669,
            36.7915424
          ],
          [
            126.6129979,
            36.791652
          ],
          [
            126.6126868,
            36.79174
          ],
          [
            126.6125447,
            36.7917916
          ],
          [
            126.6122121,
            36.7917207
          ],
          [
            126.6119948,
            36.7917185
          ],
          [
            126.61185,
            36.7917142
          ],
          [
            126.6117534,
            36.7917551
          ],
          [
            126.6116595,
            36.7917293
          ],
          [
            126.6116005,
            36.791609
          ],
          [
            126.6114905,
            36.7916154
          ],
          [
            126.6113538,
            36.7915467
          ],
          [
            126.6112679,
            36.7914801
          ],
          [
            126.6111365,
            36.791261
          ],
          [
            126.6110507,
            36.791057
          ],
          [
            126.6107985,
            36.7910248
          ],
          [
            126.610702,
            36.7909796
          ],
          [
            126.6103908,
            36.790752
          ],
          [
            126.6101816,
            36.7905887
          ],
          [
            126.6100743,
            36.7904963
          ],
          [
            126.6100958,
            36.7903825
          ],
          [
            126.6100797,
            36.7902429
          ],
          [
            126.6099858,
            36.7902107
          ],
          [
            126.6101012,
            36.790056
          ],
          [
            126.6101429,
            36.7899728
          ]
        ]
      }
    },
    {
      "type": "Feature",
      "properties": {
        "osmType": "way",
        "osmId": 1213507872,
        "name": null,
        "highway": "path",
        "bridge": null,
        "layer": null,
        "surface": "dirt",
        "source": "OpenStreetMap contributors via Overpass API",
        "verificationLevel": "public-map-geometry-only",
        "trafficStatus": "unknown"
      },
      "geometry": {
        "type": "LineString",
        "coordinates": [
          [
            126.6089955,
            36.750284
          ],
          [
            126.608925,
            36.7502538
          ],
          [
            126.6088781,
            36.7502065
          ],
          [
            126.608858,
            36.7501496
          ],
          [
            126.6088928,
            36.7499422
          ],
          [
            126.6088982,
            36.7498186
          ],
          [
            126.6088727,
            36.7497241
          ],
          [
            126.6088137,
            36.7496263
          ],
          [
            126.6087319,
            36.749564
          ],
          [
            126.6086474,
            36.7495006
          ],
          [
            126.6086031,
            36.7494296
          ],
          [
            126.6085656,
            36.7492932
          ],
          [
            126.6085227,
            36.7491535
          ],
          [
            126.6084543,
            36.749103
          ],
          [
            126.6081968,
            36.7489643
          ],
          [
            126.6080305,
            36.7488526
          ],
          [
            126.6079085,
            36.7487612
          ],
          [
            126.6076979,
            36.7486044
          ],
          [
            126.6075155,
            36.7485302
          ],
          [
            126.6074042,
            36.7484926
          ],
          [
            126.6072889,
            36.7484271
          ],
          [
            126.6072486,
            36.7483379
          ],
          [
            126.6072071,
            36.7482616
          ],
          [
            126.6071105,
            36.7482218
          ],
          [
            126.6070756,
            36.7481853
          ],
          [
            126.606975,
            36.7479585
          ],
          [
            126.6069254,
            36.7479231
          ],
          [
            126.6068463,
            36.7478564
          ],
          [
            126.606739,
            36.747721
          ],
          [
            126.6066639,
            36.7476254
          ],
          [
            126.6065486,
            36.747562
          ],
          [
            126.6064239,
            36.747533
          ],
          [
            126.60633,
            36.7475051
          ],
          [
            126.6062495,
            36.7474395
          ],
          [
            126.6062334,
            36.7473589
          ],
          [
            126.6063058,
            36.7472343
          ],
          [
            126.6064788,
            36.7471096
          ],
          [
            126.6065633,
            36.746986
          ],
          [
            126.6065821,
            36.7468925
          ],
          [
            126.6065513,
            36.7466733
          ],
          [
            126.6065526,
            36.7465798
          ],
          [
            126.6066907,
            36.7463112
          ],
          [
            126.6068879,
            36.7459909
          ],
          [
            126.6069603,
            36.7459393
          ],
          [
            126.6070662,
            36.7458663
          ],
          [
            126.6071601,
            36.7457427
          ],
          [
            126.6072969,
            36.7455772
          ],
          [
            126.6073784,
            36.745481
          ]
        ]
      }
    },
    {
      "type": "Feature",
      "properties": {
        "osmType": "way",
        "osmId": 1213507874,
        "name": null,
        "highway": "path",
        "bridge": null,
        "layer": null,
        "surface": "dirt",
        "source": "OpenStreetMap contributors via Overpass API",
        "verificationLevel": "public-map-geometry-only",
        "trafficStatus": "unknown"
      },
      "geometry": {
        "type": "LineString",
        "coordinates": [
          [
            126.5905713,
            36.7863601
          ],
          [
            126.5906415,
            36.786398
          ],
          [
            126.5909034,
            36.7865362
          ],
          [
            126.5911044,
            36.7867112
          ],
          [
            126.5912584,
            36.7868158
          ],
          [
            126.5913128,
            36.7868651
          ],
          [
            126.5913502,
            36.7869239
          ],
          [
            126.5917193,
            36.7876126
          ],
          [
            126.5917868,
            36.78772
          ],
          [
            126.5918987,
            36.7878695
          ],
          [
            126.591947,
            36.7879234
          ],
          [
            126.5921446,
            36.7880818
          ],
          [
            126.592181,
            36.7881062
          ],
          [
            126.59222,
            36.7881223
          ],
          [
            126.5922496,
            36.7881245
          ],
          [
            126.5922967,
            36.788119
          ],
          [
            126.5927194,
            36.7880277
          ],
          [
            126.5927681,
            36.7880191
          ],
          [
            126.5928166,
            36.7880153
          ],
          [
            126.5928647,
            36.7880204
          ],
          [
            126.5929127,
            36.7880303
          ],
          [
            126.5937274,
            36.7882292
          ],
          [
            126.59384,
            36.7882511
          ],
          [
            126.5939558,
            36.7882516
          ],
          [
            126.5946726,
            36.7882214
          ],
          [
            126.594754,
            36.7882237
          ],
          [
            126.5947843,
            36.7882302
          ],
          [
            126.594827,
            36.7882469
          ],
          [
            126.5950463,
            36.7883606
          ],
          [
            126.5950884,
            36.788378
          ],
          [
            126.5951174,
            36.7883853
          ],
          [
            126.5951795,
            36.7883846
          ],
          [
            126.5953245,
            36.7883657
          ],
          [
            126.595406,
            36.78837
          ],
          [
            126.5964023,
            36.7885307
          ],
          [
            126.5964987,
            36.7885499
          ],
          [
            126.5965439,
            36.7885653
          ],
          [
            126.5966013,
            36.7885917
          ],
          [
            126.5971803,
            36.7888817
          ],
          [
            126.5972291,
            36.7889149
          ],
          [
            126.5972311,
            36.7889253
          ],
          [
            126.5972183,
            36.7889447
          ],
          [
            126.5972288,
            36.7889522
          ],
          [
            126.5973201,
            36.7889762
          ],
          [
            126.5973952,
            36.788984
          ],
          [
            126.5974235,
            36.7889787
          ],
          [
            126.5974504,
            36.7889668
          ],
          [
            126.5976436,
            36.7888447
          ],
          [
            126.5978684,
            36.7886637
          ],
          [
            126.5978859,
            36.7886429
          ],
          [
            126.5979143,
            36.7885867
          ],
          [
            126.5979295,
            36.7885687
          ],
          [
            126.5979658,
            36.7885535
          ],
          [
            126.5980539,
            36.7885365
          ],
          [
            126.598078,
            36.7885277
          ],
          [
            126.5980928,
            36.7885131
          ],
          [
            126.5980985,
            36.7884927
          ],
          [
            126.5980974,
            36.7884439
          ],
          [
            126.5980726,
            36.7882606
          ],
          [
            126.5980562,
            36.7882118
          ],
          [
            126.598031,
            36.7881796
          ],
          [
            126.5979319,
            36.7880916
          ],
          [
            126.5978606,
            36.7880374
          ],
          [
            126.5978192,
            36.7880163
          ],
          [
            126.5976081,
            36.7878922
          ]
        ]
      }
    },
    {
      "type": "Feature",
      "properties": {
        "osmType": "way",
        "osmId": 1242000934,
        "name": null,
        "highway": "track",
        "bridge": "yes",
        "layer": "1",
        "surface": "concrete",
        "source": "OpenStreetMap contributors via Overpass API",
        "verificationLevel": "public-map-geometry-only",
        "trafficStatus": "unknown"
      },
      "geometry": {
        "type": "LineString",
        "coordinates": [
          [
            126.6324053,
            36.793441
          ],
          [
            126.6326959,
            36.7934924
          ]
        ]
      }
    },
    {
      "type": "Feature",
      "properties": {
        "osmType": "way",
        "osmId": 1244163938,
        "name": null,
        "highway": "residential",
        "bridge": null,
        "layer": null,
        "surface": null,
        "source": "OpenStreetMap contributors via Overpass API",
        "verificationLevel": "public-map-geometry-only",
        "trafficStatus": "unknown"
      },
      "geometry": {
        "type": "LineString",
        "coordinates": [
          [
            126.6331327,
            36.7672829
          ],
          [
            126.633196,
            36.7672517
          ]
        ]
      }
    },
    {
      "type": "Feature",
      "properties": {
        "osmType": "way",
        "osmId": 1244163939,
        "name": null,
        "highway": "residential",
        "bridge": "yes",
        "layer": "1",
        "surface": "asphalt",
        "source": "OpenStreetMap contributors via Overpass API",
        "verificationLevel": "public-map-geometry-only",
        "trafficStatus": "unknown"
      },
      "geometry": {
        "type": "LineString",
        "coordinates": [
          [
            126.6309893,
            36.7643087
          ],
          [
            126.6309202,
            36.7642039
          ]
        ]
      }
    },
    {
      "type": "Feature",
      "properties": {
        "osmType": "way",
        "osmId": 1244163940,
        "name": null,
        "highway": "residential",
        "bridge": null,
        "layer": null,
        "surface": "asphalt",
        "source": "OpenStreetMap contributors via Overpass API",
        "verificationLevel": "public-map-geometry-only",
        "trafficStatus": "unknown"
      },
      "geometry": {
        "type": "LineString",
        "coordinates": [
          [
            126.6304449,
            36.7663306
          ],
          [
            126.6304726,
            36.766266
          ],
          [
            126.6305476,
            36.7660912
          ],
          [
            126.630612,
            36.7657969
          ],
          [
            126.6307086,
            36.7651802
          ],
          [
            126.6307588,
            36.7649727
          ],
          [
            126.6308454,
            36.7646151
          ],
          [
            126.6309956,
            36.7644066
          ],
          [
            126.6309893,
            36.7643087
          ]
        ]
      }
    },
    {
      "type": "Feature",
      "properties": {
        "osmType": "way",
        "osmId": 1245397450,
        "name": null,
        "highway": "residential",
        "bridge": "yes",
        "layer": "1",
        "surface": null,
        "source": "OpenStreetMap contributors via Overpass API",
        "verificationLevel": "public-map-geometry-only",
        "trafficStatus": "unknown"
      },
      "geometry": {
        "type": "LineString",
        "coordinates": [
          [
            126.6261326,
            36.7569044
          ],
          [
            126.626091,
            36.7570728
          ]
        ]
      }
    },
    {
      "type": "Feature",
      "properties": {
        "osmType": "way",
        "osmId": 1245397451,
        "name": null,
        "highway": "unclassified",
        "bridge": "yes",
        "layer": "1",
        "surface": "asphalt",
        "source": "OpenStreetMap contributors via Overpass API",
        "verificationLevel": "public-map-geometry-only",
        "trafficStatus": "unknown"
      },
      "geometry": {
        "type": "LineString",
        "coordinates": [
          [
            126.6255936,
            36.7549845
          ],
          [
            126.6254541,
            36.7551114
          ]
        ]
      }
    },
    {
      "type": "Feature",
      "properties": {
        "osmType": "way",
        "osmId": 1245397452,
        "name": null,
        "highway": "unclassified",
        "bridge": null,
        "layer": null,
        "surface": "asphalt",
        "source": "OpenStreetMap contributors via Overpass API",
        "verificationLevel": "public-map-geometry-only",
        "trafficStatus": "unknown"
      },
      "geometry": {
        "type": "LineString",
        "coordinates": [
          [
            126.6256454,
            36.7549218
          ],
          [
            126.6255936,
            36.7549845
          ]
        ]
      }
    },
    {
      "type": "Feature",
      "properties": {
        "osmType": "way",
        "osmId": 1304156165,
        "name": null,
        "highway": "track",
        "bridge": null,
        "layer": null,
        "surface": null,
        "source": "OpenStreetMap contributors via Overpass API",
        "verificationLevel": "public-map-geometry-only",
        "trafficStatus": "unknown"
      },
      "geometry": {
        "type": "LineString",
        "coordinates": [
          [
            126.6378582,
            36.7744258
          ],
          [
            126.6379587,
            36.7744526
          ],
          [
            126.6381888,
            36.774458
          ],
          [
            126.6384824,
            36.7744183
          ],
          [
            126.6386355,
            36.7743492
          ],
          [
            126.6387723,
            36.7743238
          ],
          [
            126.6388788,
            36.7743292
          ],
          [
            126.638941,
            36.7743507
          ],
          [
            126.6389751,
            36.7744034
          ],
          [
            126.6389572,
            36.7745314
          ],
          [
            126.6388656,
            36.7746155
          ],
          [
            126.6387838,
            36.7746827
          ],
          [
            126.6386817,
            36.7748381
          ],
          [
            126.6386217,
            36.7749723
          ],
          [
            126.6385841,
            36.7751218
          ]
        ]
      }
    },
    {
      "type": "Feature",
      "properties": {
        "osmType": "way",
        "osmId": 1304156166,
        "name": null,
        "highway": "track",
        "bridge": null,
        "layer": null,
        "surface": "concrete",
        "source": "OpenStreetMap contributors via Overpass API",
        "verificationLevel": "public-map-geometry-only",
        "trafficStatus": "unknown"
      },
      "geometry": {
        "type": "LineString",
        "coordinates": [
          [
            126.6383783,
            36.7760458
          ],
          [
            126.6383862,
            36.775871
          ],
          [
            126.6385841,
            36.7751218
          ]
        ]
      }
    },
    {
      "type": "Feature",
      "properties": {
        "osmType": "way",
        "osmId": 1304156167,
        "name": null,
        "highway": "residential",
        "bridge": null,
        "layer": null,
        "surface": "asphalt",
        "source": "OpenStreetMap contributors via Overpass API",
        "verificationLevel": "public-map-geometry-only",
        "trafficStatus": "unknown"
      },
      "geometry": {
        "type": "LineString",
        "coordinates": [
          [
            126.6362066,
            36.7710129
          ],
          [
            126.6362012,
            36.7711911
          ]
        ]
      }
    },
    {
      "type": "Feature",
      "properties": {
        "osmType": "way",
        "osmId": 1304241989,
        "name": null,
        "highway": "unclassified",
        "bridge": null,
        "layer": null,
        "surface": "asphalt",
        "source": "OpenStreetMap contributors via Overpass API",
        "verificationLevel": "public-map-geometry-only",
        "trafficStatus": "unknown"
      },
      "geometry": {
        "type": "LineString",
        "coordinates": [
          [
            126.6228913,
            36.7517055
          ],
          [
            126.6228068,
            36.7518614
          ],
          [
            126.6227438,
            36.7519162
          ],
          [
            126.6225868,
            36.752029
          ],
          [
            126.6224983,
            36.7520999
          ],
          [
            126.6224594,
            36.7521418
          ],
          [
            126.6224447,
            36.7521912
          ],
          [
            126.6224393,
            36.7522847
          ],
          [
            126.6224809,
            36.7526866
          ],
          [
            126.6225412,
            36.7528048
          ],
          [
            126.6226432,
            36.7529628
          ],
          [
            126.622847,
            36.7532991
          ],
          [
            126.6229758,
            36.7534968
          ],
          [
            126.6230227,
            36.7535656
          ],
          [
            126.6231126,
            36.7536375
          ],
          [
            126.6232561,
            36.7537128
          ],
          [
            126.6233794,
            36.7537482
          ],
          [
            126.6236114,
            36.753817
          ],
          [
            126.6237295,
            36.7538729
          ],
          [
            126.6238327,
            36.7539277
          ],
          [
            126.6239159,
            36.7539954
          ],
          [
            126.6239601,
            36.7540566
          ],
          [
            126.6240044,
            36.7541447
          ],
          [
            126.6240419,
            36.7542479
          ],
          [
            126.6241345,
            36.7545068
          ],
          [
            126.6242123,
            36.7546519
          ],
          [
            126.6242793,
            36.7547228
          ],
          [
            126.6244027,
            36.7547905
          ],
          [
            126.6245395,
            36.7548324
          ],
          [
            126.6246656,
            36.7548636
          ],
          [
            126.6248412,
            36.7548861
          ],
          [
            126.6252744,
            36.7548893
          ],
          [
            126.6255547,
            36.7549162
          ],
          [
            126.6256454,
            36.7549218
          ]
        ]
      }
    },
    {
      "type": "Feature",
      "properties": {
        "osmType": "way",
        "osmId": 1304241990,
        "name": null,
        "highway": "track",
        "bridge": null,
        "layer": null,
        "surface": null,
        "source": "OpenStreetMap contributors via Overpass API",
        "verificationLevel": "public-map-geometry-only",
        "trafficStatus": "unknown"
      },
      "geometry": {
        "type": "LineString",
        "coordinates": [
          [
            126.6207608,
            36.7488667
          ],
          [
            126.6207901,
            36.7488295
          ],
          [
            126.6208115,
            36.748758
          ],
          [
            126.6208729,
            36.7485635
          ],
          [
            126.6209292,
            36.7483497
          ],
          [
            126.6209668,
            36.7481928
          ],
          [
            126.6210043,
            36.7481337
          ],
          [
            126.6210634,
            36.7480918
          ],
          [
            126.6211559,
            36.748052
          ],
          [
            126.6215019,
            36.747951
          ],
          [
            126.6216038,
            36.7479349
          ],
          [
            126.6216977,
            36.7479327
          ],
          [
            126.6217849,
            36.747951
          ],
          [
            126.6218466,
            36.7479865
          ],
          [
            126.6219136,
            36.7480445
          ],
          [
            126.6219659,
            36.748124
          ],
          [
            126.6220853,
            36.748296
          ],
          [
            126.6222918,
            36.7484958
          ],
          [
            126.6224138,
            36.748613
          ],
          [
            126.6224688,
            36.7486968
          ],
          [
            126.6224702,
            36.7487677
          ],
          [
            126.622427,
            36.7488223
          ],
          [
            126.6223551,
            36.7489537
          ],
          [
            126.6223534,
            36.749095
          ],
          [
            126.6224043,
            36.7493052
          ]
        ]
      }
    },
    {
      "type": "Feature",
      "properties": {
        "osmType": "way",
        "osmId": 1304241991,
        "name": null,
        "highway": "track",
        "bridge": null,
        "layer": null,
        "surface": "concrete",
        "source": "OpenStreetMap contributors via Overpass API",
        "verificationLevel": "public-map-geometry-only",
        "trafficStatus": "unknown"
      },
      "geometry": {
        "type": "LineString",
        "coordinates": [
          [
            126.6200599,
            36.7494989
          ],
          [
            126.6200768,
            36.7495885
          ],
          [
            126.6201517,
            36.7496766
          ],
          [
            126.6202386,
            36.749709
          ],
          [
            126.6203284,
            36.7497327
          ],
          [
            126.6204035,
            36.7497082
          ],
          [
            126.620484,
            36.749657
          ],
          [
            126.6205153,
            36.7496056
          ],
          [
            126.6205357,
            36.7495379
          ],
          [
            126.6205399,
            36.7493902
          ],
          [
            126.6205097,
            36.7492727
          ],
          [
            126.6204813,
            36.7491588
          ],
          [
            126.6204867,
            36.7490976
          ],
          [
            126.6205256,
            36.7490342
          ],
          [
            126.6206184,
            36.748979
          ],
          [
            126.6207608,
            36.7488667
          ]
        ]
      }
    },
    {
      "type": "Feature",
      "properties": {
        "osmType": "way",
        "osmId": 1304241992,
        "name": null,
        "highway": "track",
        "bridge": null,
        "layer": null,
        "surface": null,
        "source": "OpenStreetMap contributors via Overpass API",
        "verificationLevel": "public-map-geometry-only",
        "trafficStatus": "unknown"
      },
      "geometry": {
        "type": "LineString",
        "coordinates": [
          [
            126.6197221,
            36.7472109
          ],
          [
            126.6197134,
            36.7473143
          ],
          [
            126.6196914,
            36.7473804
          ],
          [
            126.6196083,
            36.7474846
          ],
          [
            126.6195559,
            36.7475523
          ],
          [
            126.6195184,
            36.7475996
          ],
          [
            126.619513,
            36.7476512
          ],
          [
            126.6195264,
            36.7477017
          ],
          [
            126.6195613,
            36.7477436
          ],
          [
            126.6196015,
            36.7477726
          ],
          [
            126.6197357,
            36.7478231
          ],
          [
            126.6197973,
            36.7478607
          ],
          [
            126.6198859,
            36.7479392
          ],
          [
            126.6199476,
            36.748008
          ],
          [
            126.6199985,
            36.7480972
          ],
          [
            126.6200548,
            36.7482315
          ],
          [
            126.6200723,
            36.7483454
          ],
          [
            126.620075,
            36.7484582
          ],
          [
            126.6201125,
            36.7485496
          ],
          [
            126.6201742,
            36.7487032
          ],
          [
            126.6201742,
            36.7487892
          ],
          [
            126.6201474,
            36.7488418
          ],
          [
            126.6200535,
            36.7489794
          ],
          [
            126.6200119,
            36.7490697
          ],
          [
            126.6200025,
            36.7491556
          ],
          [
            126.6200119,
            36.7492566
          ],
          [
            126.6200562,
            36.7494157
          ],
          [
            126.6200599,
            36.7494989
          ]
        ]
      }
    },
    {
      "type": "Feature",
      "properties": {
        "osmType": "way",
        "osmId": 1304241993,
        "name": null,
        "highway": "track",
        "bridge": null,
        "layer": null,
        "surface": "concrete",
        "source": "OpenStreetMap contributors via Overpass API",
        "verificationLevel": "public-map-geometry-only",
        "trafficStatus": "unknown"
      },
      "geometry": {
        "type": "LineString",
        "coordinates": [
          [
            126.6199076,
            36.7464368
          ],
          [
            126.6199851,
            36.7464842
          ],
          [
            126.6200092,
            36.746568
          ],
          [
            126.6199918,
            36.7466808
          ],
          [
            126.6199556,
            36.7467668
          ],
          [
            126.6198767,
            36.7468231
          ],
          [
            126.6197694,
            36.7469465
          ],
          [
            126.6197452,
            36.7469813
          ],
          [
            126.6197336,
            36.7470961
          ],
          [
            126.6197221,
            36.7472109
          ]
        ]
      }
    },
    {
      "type": "Feature",
      "properties": {
        "osmType": "way",
        "osmId": 1304243621,
        "name": null,
        "highway": "track",
        "bridge": null,
        "layer": null,
        "surface": "concrete",
        "source": "OpenStreetMap contributors via Overpass API",
        "verificationLevel": "public-map-geometry-only",
        "trafficStatus": "unknown"
      },
      "geometry": {
        "type": "LineString",
        "coordinates": [
          [
            126.6224043,
            36.7493052
          ],
          [
            126.6224849,
            36.7495769
          ],
          [
            126.6225064,
            36.7496843
          ],
          [
            126.6225024,
            36.7497628
          ],
          [
            126.6224554,
            36.7498412
          ],
          [
            126.6224098,
            36.7499143
          ],
          [
            126.6223776,
            36.7499895
          ],
          [
            126.6223709,
            36.7500926
          ],
          [
            126.6223817,
            36.7501808
          ],
          [
            126.622442,
            36.7503011
          ],
          [
            126.6225238,
            36.7504655
          ],
          [
            126.6225359,
            36.7505343
          ],
          [
            126.6225801,
            36.7508738
          ],
          [
            126.6226096,
            36.7510071
          ],
          [
            126.6226566,
            36.7511017
          ],
          [
            126.6227116,
            36.7511618
          ],
          [
            126.6228269,
            36.7512585
          ],
          [
            126.6228926,
            36.7513166
          ],
          [
            126.6229275,
            36.7513628
          ],
          [
            126.6229503,
            36.7514563
          ],
          [
            126.6229476,
            36.7515261
          ],
          [
            126.6228913,
            36.7517055
          ]
        ]
      }
    },
    {
      "type": "Feature",
      "properties": {
        "osmType": "way",
        "osmId": 1304423480,
        "name": null,
        "highway": "track",
        "bridge": null,
        "layer": null,
        "surface": "concrete",
        "source": "OpenStreetMap contributors via Overpass API",
        "verificationLevel": "public-map-geometry-only",
        "trafficStatus": "unknown"
      },
      "geometry": {
        "type": "LineString",
        "coordinates": [
          [
            126.6391637,
            36.7837837
          ],
          [
            126.6391683,
            36.7836037
          ],
          [
            126.6392809,
            36.7834447
          ],
          [
            126.6394687,
            36.7832815
          ],
          [
            126.6397798,
            36.7830795
          ],
          [
            126.6398334,
            36.7830194
          ],
          [
            126.6398871,
            36.7828991
          ],
          [
            126.6399568,
            36.7828089
          ],
          [
            126.6400856,
            36.7827445
          ],
          [
            126.6408044,
            36.7824953
          ]
        ]
      }
    },
    {
      "type": "Feature",
      "properties": {
        "osmType": "way",
        "osmId": 1304423481,
        "name": null,
        "highway": "track",
        "bridge": null,
        "layer": null,
        "surface": "concrete",
        "source": "OpenStreetMap contributors via Overpass API",
        "verificationLevel": "public-map-geometry-only",
        "trafficStatus": "unknown"
      },
      "geometry": {
        "type": "LineString",
        "coordinates": [
          [
            126.6402162,
            36.7880669
          ],
          [
            126.6401714,
            36.7875087
          ],
          [
            126.6409117,
            36.7868943
          ],
          [
            126.6410276,
            36.7867361
          ],
          [
            126.6416794,
            36.7858461
          ],
          [
            126.6420275,
            36.7854036
          ],
          [
            126.6420114,
            36.785365
          ],
          [
            126.6416251,
            36.7850299
          ],
          [
            126.6414427,
            36.7849268
          ],
          [
            126.6411799,
            36.7848538
          ],
          [
            126.6410351,
            36.7847206
          ],
          [
            126.6409385,
            36.7843211
          ],
          [
            126.6407293,
            36.7839344
          ],
          [
            126.640445,
            36.7837798
          ],
          [
            126.6401607,
            36.7832385
          ]
        ]
      }
    },
    {
      "type": "Feature",
      "properties": {
        "osmType": "way",
        "osmId": 1304423482,
        "name": null,
        "highway": "residential",
        "bridge": null,
        "layer": null,
        "surface": null,
        "source": "OpenStreetMap contributors via Overpass API",
        "verificationLevel": "public-map-geometry-only",
        "trafficStatus": "unknown"
      },
      "geometry": {
        "type": "LineString",
        "coordinates": [
          [
            126.632834,
            36.7907266
          ],
          [
            126.63295,
            36.7907
          ]
        ]
      }
    },
    {
      "type": "Feature",
      "properties": {
        "osmType": "way",
        "osmId": 1304423483,
        "name": null,
        "highway": "residential",
        "bridge": "yes",
        "layer": "1",
        "surface": null,
        "source": "OpenStreetMap contributors via Overpass API",
        "verificationLevel": "public-map-geometry-only",
        "trafficStatus": "unknown"
      },
      "geometry": {
        "type": "LineString",
        "coordinates": [
          [
            126.6327366,
            36.7907489
          ],
          [
            126.632834,
            36.7907266
          ]
        ]
      }
    },
    {
      "type": "Feature",
      "properties": {
        "osmType": "way",
        "osmId": 1305011296,
        "name": null,
        "highway": "residential",
        "bridge": null,
        "layer": null,
        "surface": null,
        "source": "OpenStreetMap contributors via Overpass API",
        "verificationLevel": "public-map-geometry-only",
        "trafficStatus": "unknown"
      },
      "geometry": {
        "type": "LineString",
        "coordinates": [
          [
            126.6300872,
            36.7490672
          ],
          [
            126.630155,
            36.7491855
          ],
          [
            126.6304303,
            36.7495374
          ],
          [
            126.6305036,
            36.7497473
          ],
          [
            126.6305067,
            36.7497726
          ],
          [
            126.6305035,
            36.7497982
          ],
          [
            126.6304755,
            36.7498748
          ],
          [
            126.6303654,
            36.7500009
          ],
          [
            126.6303133,
            36.7501291
          ],
          [
            126.6302964,
            36.7502083
          ],
          [
            126.6301967,
            36.7509191
          ],
          [
            126.6301818,
            36.7509987
          ],
          [
            126.6301423,
            36.7511012
          ],
          [
            126.630095,
            36.7512645
          ],
          [
            126.6300734,
            36.7513157
          ],
          [
            126.6299369,
            36.7515552
          ],
          [
            126.6298883,
            36.7516122
          ],
          [
            126.6298149,
            36.751631
          ],
          [
            126.6297353,
            36.7516347
          ],
          [
            126.6296384,
            36.7516099
          ],
          [
            126.6293956,
            36.7515085
          ]
        ]
      }
    },
    {
      "type": "Feature",
      "properties": {
        "osmType": "way",
        "osmId": 1377205461,
        "name": null,
        "highway": "path",
        "bridge": "yes",
        "layer": "1",
        "surface": "wood",
        "source": "OpenStreetMap contributors via Overpass API",
        "verificationLevel": "public-map-geometry-only",
        "trafficStatus": "unknown"
      },
      "geometry": {
        "type": "LineString",
        "coordinates": [
          [
            126.6094867,
            36.7792555
          ],
          [
            126.6093641,
            36.7792617
          ],
          [
            126.6092911,
            36.7793432
          ],
          [
            126.6093354,
            36.7794059
          ],
          [
            126.6092989,
            36.7794456
          ],
          [
            126.6091841,
            36.7794226
          ],
          [
            126.6091606,
            36.7794582
          ],
          [
            126.6091893,
            36.7795188
          ],
          [
            126.6091554,
            36.7795647
          ]
        ]
      }
    },
    {
      "type": "Feature",
      "properties": {
        "osmType": "way",
        "osmId": 1377205462,
        "name": null,
        "highway": "path",
        "bridge": null,
        "layer": null,
        "surface": null,
        "source": "OpenStreetMap contributors via Overpass API",
        "verificationLevel": "public-map-geometry-only",
        "trafficStatus": "unknown"
      },
      "geometry": {
        "type": "LineString",
        "coordinates": [
          [
            126.6091554,
            36.7795647
          ],
          [
            126.6091185,
            36.7795972
          ]
        ]
      }
    },
    {
      "type": "Feature",
      "properties": {
        "osmType": "way",
        "osmId": 1377205463,
        "name": null,
        "highway": "path",
        "bridge": null,
        "layer": null,
        "surface": null,
        "source": "OpenStreetMap contributors via Overpass API",
        "verificationLevel": "public-map-geometry-only",
        "trafficStatus": "unknown"
      },
      "geometry": {
        "type": "LineString",
        "coordinates": [
          [
            126.6095415,
            36.779245
          ],
          [
            126.6094867,
            36.7792555
          ]
        ]
      }
    },
    {
      "type": "Feature",
      "properties": {
        "osmType": "way",
        "osmId": 1396173699,
        "name": null,
        "highway": "path",
        "bridge": null,
        "layer": null,
        "surface": null,
        "source": "OpenStreetMap contributors via Overpass API",
        "verificationLevel": "public-map-geometry-only",
        "trafficStatus": "unknown"
      },
      "geometry": {
        "type": "LineString",
        "coordinates": [
          [
            126.6131195,
            36.764836
          ],
          [
            126.613234,
            36.7648966
          ],
          [
            126.6134459,
            36.7649352
          ],
          [
            126.6136068,
            36.7649395
          ],
          [
            126.6137463,
            36.7649395
          ],
          [
            126.6138643,
            36.7649009
          ],
          [
            126.6139528,
            36.7648493
          ],
          [
            126.6139877,
            36.7648385
          ],
          [
            126.6139984,
            36.7649438
          ],
          [
            126.6140145,
            36.7649761
          ],
          [
            126.6141218,
            36.764989
          ],
          [
            126.6142398,
            36.7651651
          ],
          [
            126.6141888,
            36.7652876
          ],
          [
            126.614044,
            36.7653929
          ],
          [
            126.6140601,
            36.7654509
          ],
          [
            126.6141218,
            36.7654681
          ],
          [
            126.6142264,
            36.7655089
          ],
          [
            126.6143283,
            36.7655089
          ],
          [
            126.61439,
            36.7654939
          ],
          [
            126.6144437,
            36.7654531
          ],
          [
            126.6145107,
            36.7652425
          ],
          [
            126.6144946,
            36.7651437
          ],
          [
            126.614567,
            36.7649804
          ],
          [
            126.6146851,
            36.7648579
          ],
          [
            126.6147843,
            36.7648536
          ],
          [
            126.6148996,
            36.7647977
          ],
          [
            126.6150764,
            36.7647617
          ]
        ]
      }
    },
    {
      "type": "Feature",
      "properties": {
        "osmType": "way",
        "osmId": 1396173705,
        "name": null,
        "highway": "path",
        "bridge": "yes",
        "layer": "1",
        "surface": null,
        "source": "OpenStreetMap contributors via Overpass API",
        "verificationLevel": "public-map-geometry-only",
        "trafficStatus": "unknown"
      },
      "geometry": {
        "type": "LineString",
        "coordinates": [
          [
            126.6092147,
            36.7503033
          ],
          [
            126.6089955,
            36.750284
          ]
        ]
      }
    },
    {
      "type": "Feature",
      "properties": {
        "osmType": "way",
        "osmId": 1396173706,
        "name": null,
        "highway": "path",
        "bridge": null,
        "layer": null,
        "surface": "dirt",
        "source": "OpenStreetMap contributors via Overpass API",
        "verificationLevel": "public-map-geometry-only",
        "trafficStatus": "unknown"
      },
      "geometry": {
        "type": "LineString",
        "coordinates": [
          [
            126.6093021,
            36.7503375
          ],
          [
            126.6092147,
            36.7503033
          ]
        ]
      }
    },
    {
      "type": "Feature",
      "properties": {
        "osmType": "way",
        "osmId": 1529988225,
        "name": null,
        "highway": "path",
        "bridge": "yes",
        "layer": "1",
        "surface": "ground",
        "source": "OpenStreetMap contributors via Overpass API",
        "verificationLevel": "public-map-geometry-only",
        "trafficStatus": "unknown"
      },
      "geometry": {
        "type": "LineString",
        "coordinates": [
          [
            126.6021068,
            36.7616143
          ],
          [
            126.6018842,
            36.7615842
          ]
        ]
      }
    },
    {
      "type": "Feature",
      "properties": {
        "osmType": "way",
        "osmId": 1529988226,
        "name": null,
        "highway": "path",
        "bridge": null,
        "layer": null,
        "surface": "ground",
        "source": "OpenStreetMap contributors via Overpass API",
        "verificationLevel": "public-map-geometry-only",
        "trafficStatus": "unknown"
      },
      "geometry": {
        "type": "LineString",
        "coordinates": [
          [
            126.6023402,
            36.7606312
          ],
          [
            126.6024636,
            36.7606248
          ],
          [
            126.6025266,
            36.7606141
          ],
          [
            126.6026486,
            36.7605517
          ],
          [
            126.6027452,
            36.7605227
          ],
          [
            126.6029008,
            36.7604454
          ],
          [
            126.6030872,
            36.7602799
          ],
          [
            126.6030939,
            36.7602463
          ],
          [
            126.6030993,
            36.7602197
          ],
          [
            126.603114,
            36.7600285
          ],
          [
            126.6032334,
            36.7598587
          ],
          [
            126.6032334,
            36.7598329
          ],
          [
            126.6031422,
            36.7597932
          ],
          [
            126.6029571,
            36.759733
          ],
          [
            126.6029115,
            36.7597405
          ],
          [
            126.6028216,
            36.7598351
          ],
          [
            126.6027613,
            36.7599135
          ],
          [
            126.602764,
            36.7599554
          ],
          [
            126.6027626,
            36.7600511
          ],
          [
            126.6027345,
            36.7600876
          ],
          [
            126.6026875,
            36.7601187
          ],
          [
            126.6026071,
            36.760137
          ],
          [
            126.6024676,
            36.7601972
          ],
          [
            126.6024314,
            36.7602273
          ],
          [
            126.6023737,
            36.7603111
          ],
          [
            126.6023415,
            36.7604314
          ],
          [
            126.6023362,
            36.7605313
          ],
          [
            126.6023402,
            36.7606312
          ],
          [
            126.6022946,
            36.7607032
          ],
          [
            126.6022865,
            36.7607892
          ],
          [
            126.6022933,
            36.760946
          ],
          [
            126.6022892,
            36.7611319
          ],
          [
            126.6022839,
            36.7612458
          ],
          [
            126.6022584,
            36.7613683
          ],
          [
            126.6021867,
            36.7616281
          ],
          [
            126.6021068,
            36.7616143
          ]
        ]
      }
    },
    {
      "type": "Feature",
      "properties": {
        "osmType": "way",
        "osmId": 1529988266,
        "name": null,
        "highway": "service",
        "bridge": null,
        "layer": null,
        "surface": null,
        "source": "OpenStreetMap contributors via Overpass API",
        "verificationLevel": "public-map-geometry-only",
        "trafficStatus": "unknown"
      },
      "geometry": {
        "type": "LineString",
        "coordinates": [
          [
            126.6033855,
            36.7597625
          ],
          [
            126.6039911,
            36.7598072
          ],
          [
            126.6042539,
            36.7598158
          ],
          [
            126.6043532,
            36.7598308
          ],
          [
            126.6044471,
            36.7598899
          ],
          [
            126.6045356,
            36.7599318
          ],
          [
            126.6045919,
            36.7600597
          ],
          [
            126.6046147,
            36.7601359
          ],
          [
            126.6047528,
            36.7602047
          ],
          [
            126.6048534,
            36.7602982
          ],
          [
            126.6049057,
            36.760339
          ],
          [
            126.6049902,
            36.7603272
          ],
          [
            126.605131,
            36.7602724
          ],
          [
            126.6053067,
            36.7602756
          ],
          [
            126.6053711,
            36.7602778
          ],
          [
            126.6054408,
            36.7602949
          ]
        ]
      }
    },
    {
      "type": "Feature",
      "properties": {
        "osmType": "way",
        "osmId": 1529988267,
        "name": null,
        "highway": "path",
        "bridge": null,
        "layer": null,
        "surface": null,
        "source": "OpenStreetMap contributors via Overpass API",
        "verificationLevel": "public-map-geometry-only",
        "trafficStatus": "unknown"
      },
      "geometry": {
        "type": "LineString",
        "coordinates": [
          [
            126.6030939,
            36.7602463
          ],
          [
            126.6032648,
            36.7602598
          ]
        ]
      }
    },
    {
      "type": "Feature",
      "properties": {
        "osmType": "way",
        "osmId": 1529988270,
        "name": null,
        "highway": "unclassified",
        "bridge": "yes",
        "layer": "1",
        "surface": "asphalt",
        "source": "OpenStreetMap contributors via Overpass API",
        "verificationLevel": "public-map-geometry-only",
        "trafficStatus": "unknown"
      },
      "geometry": {
        "type": "LineString",
        "coordinates": [
          [
            126.6025038,
            36.7712092
          ],
          [
            126.6027452,
            36.771105
          ]
        ]
      }
    },
    {
      "type": "Feature",
      "properties": {
        "osmType": "way",
        "osmId": 1529988271,
        "name": null,
        "highway": "unclassified",
        "bridge": null,
        "layer": null,
        "surface": "asphalt",
        "source": "OpenStreetMap contributors via Overpass API",
        "verificationLevel": "public-map-geometry-only",
        "trafficStatus": "unknown"
      },
      "geometry": {
        "type": "LineString",
        "coordinates": [
          [
            126.6024408,
            36.7712402
          ],
          [
            126.6025038,
            36.7712092
          ]
        ]
      }
    },
    {
      "type": "Feature",
      "properties": {
        "osmType": "way",
        "osmId": 1529988272,
        "name": null,
        "highway": "unclassified",
        "bridge": null,
        "layer": null,
        "surface": "asphalt",
        "source": "OpenStreetMap contributors via Overpass API",
        "verificationLevel": "public-map-geometry-only",
        "trafficStatus": "unknown"
      },
      "geometry": {
        "type": "LineString",
        "coordinates": [
          [
            126.6027452,
            36.771105
          ],
          [
            126.6028766,
            36.7711147
          ],
          [
            126.6029839,
            36.7711727
          ],
          [
            126.6031086,
            36.771351
          ]
        ]
      }
    },
    {
      "type": "Feature",
      "properties": {
        "osmType": "way",
        "osmId": 1529988274,
        "name": null,
        "highway": "path",
        "bridge": null,
        "layer": null,
        "surface": "ground",
        "source": "OpenStreetMap contributors via Overpass API",
        "verificationLevel": "public-map-geometry-only",
        "trafficStatus": "unknown"
      },
      "geometry": {
        "type": "LineString",
        "coordinates": [
          [
            126.6029682,
            36.7617032
          ],
          [
            126.6028801,
            36.7617231
          ],
          [
            126.602565,
            36.7616824
          ],
          [
            126.6021867,
            36.7616281
          ],
          [
            126.6021897,
            36.7617191
          ],
          [
            126.6022376,
            36.7618528
          ],
          [
            126.6022718,
            36.7619657
          ],
          [
            126.6022778,
            36.7620624
          ],
          [
            126.6022973,
            36.7621198
          ],
          [
            126.6024005,
            36.7622343
          ],
          [
            126.6024059,
            36.7622702
          ],
          [
            126.602414,
            36.7623277
          ]
        ]
      }
    }
  ]
}
